id,persona,kpi,difficulty,synthetic_questions
0,Risk & Credit Analytics Manager; CRO; Compliance Officer,90+ DPD Rate; Delinquency Ratio; Non-Performing Loan %,simple,What is the total number of loan accounts currently 90 or more days past due?
0,Risk & Credit Analytics Manager; CRO; Compliance Officer,90+ DPD Rate; Delinquency Ratio; Non-Performing Loan %,simple,What percentage of all loans are classified as non-performing loans?
0,Risk & Credit Analytics Manager; CRO; Compliance Officer,90+ DPD Rate; Delinquency Ratio; Non-Performing Loan %,simple,How many accounts have any delinquent balance recorded?
0,Risk & Credit Analytics Manager; CRO; Compliance Officer,90+ DPD Rate; Delinquency Ratio; Non-Performing Loan %,simple,What is the delinquency ratio for all active loans?
0,Risk & Credit Analytics Manager; CRO; Compliance Officer,90+ DPD Rate; Delinquency Ratio; Non-Performing Loan %,simple,How many card accounts are 90+ days past due?
0,Risk & Credit Analytics Manager; CRO; Compliance Officer,90+ DPD Rate; Delinquency Ratio; Non-Performing Loan %,simple,What is the count of loans marked as non-performing in PUBLIC.LOAN?
0,Risk & Credit Analytics Manager; CRO; Compliance Officer,90+ DPD Rate; Delinquency Ratio; Non-Performing Loan %,simple,What proportion of all active accounts are currently in 90+ day delinquency status?
0,Risk & Credit Analytics Manager; CRO; Compliance Officer,90+ DPD Rate; Delinquency Ratio; Non-Performing Loan %,simple,How many MEMBER records are linked to non-performing loans?
0,Risk & Credit Analytics Manager; CRO; Compliance Officer,90+ DPD Rate; Delinquency Ratio; Non-Performing Loan %,simple,What is the current total outstanding balance for loans 90+ days past due?
0,Risk & Credit Analytics Manager; CRO; Compliance Officer,90+ DPD Rate; Delinquency Ratio; Non-Performing Loan %,simple,What is the percentage of accounts with at least one tracking record indicating 90+ day delinquency?
1,Finance / Treasury Manager; Branch / Regional Manager,Total Deposit Balance by Geography; Concentration Risk,simple,What is the total deposit balance for each branch?
1,Finance / Treasury Manager; Branch / Regional Manager,Total Deposit Balance by Geography; Concentration Risk,simple,Which geography has the highest total deposit balance?
1,Finance / Treasury Manager; Branch / Regional Manager,Total Deposit Balance by Geography; Concentration Risk,simple,"How many accounts have deposit balances above $500,000?"
1,Finance / Treasury Manager; Branch / Regional Manager,Total Deposit Balance by Geography; Concentration Risk,simple,What is the largest single deposit balance held in any account?
1,Finance / Treasury Manager; Branch / Regional Manager,Total Deposit Balance by Geography; Concentration Risk,simple,How many deposit accounts exist in each region?
1,Finance / Treasury Manager; Branch / Regional Manager,Total Deposit Balance by Geography; Concentration Risk,simple,What percentage of total deposits is concentrated in the top 5 accounts?
1,Finance / Treasury Manager; Branch / Regional Manager,Total Deposit Balance by Geography; Concentration Risk,simple,How many accounts in the region hold more than 20% of the total deposit balance?
1,Finance / Treasury Manager; Branch / Regional Manager,Total Deposit Balance by Geography; Concentration Risk,simple,"Which branch has the most accounts with balances above $100,000?"
1,Finance / Treasury Manager; Branch / Regional Manager,Total Deposit Balance by Geography; Concentration Risk,simple,What is the total number of accounts with zero deposit balance?
1,Finance / Treasury Manager; Branch / Regional Manager,Total Deposit Balance by Geography; Concentration Risk,simple,What is the sum of deposit balances for accounts classified as high-value?
2,Product Manager; Member Analytics Lead,Early Closure Rate; Account Churn (≤90 days),simple,What is the total number of accounts closed within 90 days?
2,Product Manager; Member Analytics Lead,Early Closure Rate; Account Churn (≤90 days),simple,What percentage of all accounts are closed within 90 days?
2,Product Manager; Member Analytics Lead,Early Closure Rate; Account Churn (≤90 days),simple,How many accounts have been opened in the last 90 days?
2,Product Manager; Member Analytics Lead,Early Closure Rate; Account Churn (≤90 days),simple,What is the count of accounts that have received at least one comment before closure within 90 days?
2,Product Manager; Member Analytics Lead,Early Closure Rate; Account Churn (≤90 days),simple,How many loan accounts were closed within 90 days of opening?
2,Product Manager; Member Analytics Lead,Early Closure Rate; Account Churn (≤90 days),simple,What is the total number of card accounts closed within 90 days?
2,Product Manager; Member Analytics Lead,Early Closure Rate; Account Churn (≤90 days),simple,How many accounts with a tracking record were closed within 90 days?
2,Product Manager; Member Analytics Lead,Early Closure Rate; Account Churn (≤90 days),simple,What is the total number of account numbers with notes created before closure within 90 days?
2,Product Manager; Member Analytics Lead,Early Closure Rate; Account Churn (≤90 days),simple,How many unique members had their accounts closed within 90 days?
2,Product Manager; Member Analytics Lead,Early Closure Rate; Account Churn (≤90 days),simple,What is the percentage of accounts with at least one share transaction that were closed within 90 days?
3,Finance Manager; CRO; Product Manager,Portfolio Mix %; Credit Card Exposure by Balance,simple,What is the total outstanding balance of all credit card accounts?
3,Finance Manager; CRO; Product Manager,Portfolio Mix %; Credit Card Exposure by Balance,simple,How many accounts currently have a credit card product?
3,Finance Manager; CRO; Product Manager,Portfolio Mix %; Credit Card Exposure by Balance,simple,What percentage of total portfolio balance is made up of credit card balances?
3,Finance Manager; CRO; Product Manager,Portfolio Mix %; Credit Card Exposure by Balance,simple,What is the number of accounts with only credit card products and no other products?
3,Finance Manager; CRO; Product Manager,Portfolio Mix %; Credit Card Exposure by Balance,simple,How many credit cards have a balance greater than zero?
3,Finance Manager; CRO; Product Manager,Portfolio Mix %; Credit Card Exposure by Balance,simple,What is the average balance per credit card account?
3,Finance Manager; CRO; Product Manager,Portfolio Mix %; Credit Card Exposure by Balance,simple,How many accounts have more than one credit card product?
3,Finance Manager; CRO; Product Manager,Portfolio Mix %; Credit Card Exposure by Balance,simple,What is the portfolio mix percentage of accounts with credit card products versus all accounts?
3,Finance Manager; CRO; Product Manager,Portfolio Mix %; Credit Card Exposure by Balance,simple,Which credit card product type has the highest balance?
3,Finance Manager; CRO; Product Manager,Portfolio Mix %; Credit Card Exposure by Balance,simple,What is the total number of credit card products issued by the bank?
4,Member Analytics Lead; Compliance Officer,Dormant Account Rate; Inactivity Ratio,simple,What is the total number of dormant accounts in PUBLIC.ACCOUNT?
4,Member Analytics Lead; Compliance Officer,Dormant Account Rate; Inactivity Ratio,simple,What percentage of accounts in PUBLIC.ACCOUNT are currently inactive?
4,Member Analytics Lead; Compliance Officer,Dormant Account Rate; Inactivity Ratio,simple,How many accounts in PUBLIC.ACCOUNT have had no related transactions in PUBLIC.TRACKING?
4,Member Analytics Lead; Compliance Officer,Dormant Account Rate; Inactivity Ratio,simple,What is the count of accounts in PUBLIC.ACCOUNT with zero entries in PUBLIC.COMMENT?
4,Member Analytics Lead; Compliance Officer,Dormant Account Rate; Inactivity Ratio,simple,How many accounts have no related loans in PUBLIC.LOAN?
4,Member Analytics Lead; Compliance Officer,Dormant Account Rate; Inactivity Ratio,simple,How many accounts in PUBLIC.ACCOUNT do not have any associated cards in PUBLIC.CARD?
4,Member Analytics Lead; Compliance Officer,Dormant Account Rate; Inactivity Ratio,simple,What is the total number of accounts with no associated notes in PUBLIC.NOTE?
4,Member Analytics Lead; Compliance Officer,Dormant Account Rate; Inactivity Ratio,simple,How many accounts in PUBLIC.ACCOUNT do not have any shares in PUBLIC.SHARE?
4,Member Analytics Lead; Compliance Officer,Dormant Account Rate; Inactivity Ratio,simple,What is the total number of accounts in PUBLIC.ACCOUNT with no lookup entries in PUBLIC.LOOKUP?
4,Member Analytics Lead; Compliance Officer,Dormant Account Rate; Inactivity Ratio,simple,How many accounts in PUBLIC.ACCOUNT are linked to members in PUBLIC.MEMBER?
5,Member Analytics Lead; Executive Leadership,Average Account Tenure; Member Lifetime Value (proxy),simple,What is the average number of years accounts have been open?
5,Member Analytics Lead; Executive Leadership,Average Account Tenure; Member Lifetime Value (proxy),simple,How many active accounts are currently in the system?
5,Member Analytics Lead; Executive Leadership,Average Account Tenure; Member Lifetime Value (proxy),simple,What is the total number of unique members?
5,Member Analytics Lead; Executive Leadership,Average Account Tenure; Member Lifetime Value (proxy),simple,What is the highest account tenure in the member base?
5,Member Analytics Lead; Executive Leadership,Average Account Tenure; Member Lifetime Value (proxy),simple,How many accounts have a tenure greater than 5 years?
5,Member Analytics Lead; Executive Leadership,Average Account Tenure; Member Lifetime Value (proxy),simple,What is the average number of loans per account?
5,Member Analytics Lead; Executive Leadership,Average Account Tenure; Member Lifetime Value (proxy),simple,What percentage of accounts have at least one card product?
5,Member Analytics Lead; Executive Leadership,Average Account Tenure; Member Lifetime Value (proxy),simple,How many accounts have received at least one comment?
5,Member Analytics Lead; Executive Leadership,Average Account Tenure; Member Lifetime Value (proxy),simple,What is the average number of shares per account?
5,Member Analytics Lead; Executive Leadership,Average Account Tenure; Member Lifetime Value (proxy),simple,What is the minimum account tenure among all active accounts?
6,Member Analytics Lead; Product Manager,Active Account Tenure; Retention Duration,simple,What is the average tenure of active accounts in years?
6,Member Analytics Lead; Product Manager,Active Account Tenure; Retention Duration,simple,How many accounts have been active for more than one year?
6,Member Analytics Lead; Product Manager,Active Account Tenure; Retention Duration,simple,What is the total number of currently active accounts?
6,Member Analytics Lead; Product Manager,Active Account Tenure; Retention Duration,simple,What is the maximum tenure in years among all active accounts?
6,Member Analytics Lead; Product Manager,Active Account Tenure; Retention Duration,simple,How many accounts have been closed within the last year?
6,Member Analytics Lead; Product Manager,Active Account Tenure; Retention Duration,simple,What percentage of accounts have a tenure longer than five years?
6,Member Analytics Lead; Product Manager,Active Account Tenure; Retention Duration,simple,What is the count of accounts with active loans?
6,Member Analytics Lead; Product Manager,Active Account Tenure; Retention Duration,simple,How many active accounts have an associated credit card?
6,Member Analytics Lead; Product Manager,Active Account Tenure; Retention Duration,simple,What is the number of unique accounts with at least one comment added?
6,Member Analytics Lead; Product Manager,Active Account Tenure; Retention Duration,simple,What is the minimum tenure in years among all active accounts?
7,Product Manager; Risk Manager,Monthly Closure Rate; Product Attrition Rate,simple,What is the total number of closed accounts in the last month?
7,Product Manager; Risk Manager,Monthly Closure Rate; Product Attrition Rate,simple,How many accounts were marked as attrited this month?
7,Product Manager; Risk Manager,Monthly Closure Rate; Product Attrition Rate,simple,What is the percentage of accounts closed out of all active accounts?
7,Product Manager; Risk Manager,Monthly Closure Rate; Product Attrition Rate,simple,How many loans were closed in the previous month?
7,Product Manager; Risk Manager,Monthly Closure Rate; Product Attrition Rate,simple,What is the count of active card accounts currently?
7,Product Manager; Risk Manager,Monthly Closure Rate; Product Attrition Rate,simple,What is the total number of comments left on closed accounts?
7,Product Manager; Risk Manager,Monthly Closure Rate; Product Attrition Rate,simple,How many members are associated with closed accounts?
7,Product Manager; Risk Manager,Monthly Closure Rate; Product Attrition Rate,simple,What is the attrition rate for savings accounts this month?
7,Product Manager; Risk Manager,Monthly Closure Rate; Product Attrition Rate,simple,How many tracking records exist for closed accounts?
7,Product Manager; Risk Manager,Monthly Closure Rate; Product Attrition Rate,simple,What is the total number of notes attached to accounts closed in the last 30 days?
8,Member Analytics Lead; CRO,Long-Tenure Account %; Dormant vs Active Ratio,simple,What is the total number of active accounts in PUBLIC.ACCOUNT?
8,Member Analytics Lead; CRO,Long-Tenure Account %; Dormant vs Active Ratio,simple,What percentage of accounts in PUBLIC.ACCOUNT are classified as long-tenure accounts?
8,Member Analytics Lead; CRO,Long-Tenure Account %; Dormant vs Active Ratio,simple,How many accounts in PUBLIC.ACCOUNT are currently dormant?
8,Member Analytics Lead; CRO,Long-Tenure Account %; Dormant vs Active Ratio,simple,What is the ratio of dormant to active accounts in PUBLIC.ACCOUNT?
8,Member Analytics Lead; CRO,Long-Tenure Account %; Dormant vs Active Ratio,simple,How many accounts in PUBLIC.ACCOUNT have an associated record in PUBLIC.LOAN?
8,Member Analytics Lead; CRO,Long-Tenure Account %; Dormant vs Active Ratio,simple,What is the total count of accounts in PUBLIC.ACCOUNT with an associated record in PUBLIC.CARD?
8,Member Analytics Lead; CRO,Long-Tenure Account %; Dormant vs Active Ratio,simple,How many account records in PUBLIC.ACCOUNT have at least one comment in PUBLIC.COMMENT?
8,Member Analytics Lead; CRO,Long-Tenure Account %; Dormant vs Active Ratio,simple,How many unique ACCOUNT_NUMBER values exist in PUBLIC.ACCOUNT?
8,Member Analytics Lead; CRO,Long-Tenure Account %; Dormant vs Active Ratio,simple,What is the count of accounts in PUBLIC.ACCOUNT with no associated transactions in PUBLIC.TRACKING?
8,Member Analytics Lead; CRO,Long-Tenure Account %; Dormant vs Active Ratio,simple,How many accounts in PUBLIC.ACCOUNT have a note attached in PUBLIC.NOTE?
9,Executive Leadership; CRO,Product Mix %; Portfolio Allocation,simple,What percentage of accounts have at least one loan product?
9,Executive Leadership; CRO,Product Mix %; Portfolio Allocation,simple,How many accounts have only a single product type?
9,Executive Leadership; CRO,Product Mix %; Portfolio Allocation,simple,What is the total number of active credit card accounts?
9,Executive Leadership; CRO,Product Mix %; Portfolio Allocation,simple,What percentage of total portfolio value is held in loans?
9,Executive Leadership; CRO,Product Mix %; Portfolio Allocation,simple,How many accounts have both a loan and a card product?
9,Executive Leadership; CRO,Product Mix %; Portfolio Allocation,simple,What is the count of accounts with at least three different product types?
9,Executive Leadership; CRO,Product Mix %; Portfolio Allocation,simple,What percentage of accounts hold both savings and loan products?
9,Executive Leadership; CRO,Product Mix %; Portfolio Allocation,simple,What is the total portfolio value allocated to share products?
9,Executive Leadership; CRO,Product Mix %; Portfolio Allocation,simple,What proportion of members have only non-loan products?
9,Executive Leadership; CRO,Product Mix %; Portfolio Allocation,simple,How many accounts have no card products attached?
10,CEO; COO; Board; CRO,"Composite Health Score (Capital, Asset Quality, Earnings, Liquidity, Growth)",simple,What is the total capital amount across all accounts?
10,CEO; COO; Board; CRO,"Composite Health Score (Capital, Asset Quality, Earnings, Liquidity, Growth)",simple,How many accounts currently have outstanding loans?
10,CEO; COO; Board; CRO,"Composite Health Score (Capital, Asset Quality, Earnings, Liquidity, Growth)",simple,What is the percentage of delinquent loans among all loans?
10,CEO; COO; Board; CRO,"Composite Health Score (Capital, Asset Quality, Earnings, Liquidity, Growth)",simple,What is the total value of assets for all accounts?
10,CEO; COO; Board; CRO,"Composite Health Score (Capital, Asset Quality, Earnings, Liquidity, Growth)",simple,How many accounts have a negative balance?
10,CEO; COO; Board; CRO,"Composite Health Score (Capital, Asset Quality, Earnings, Liquidity, Growth)",simple,What is the sum of net income across all accounts?
10,CEO; COO; Board; CRO,"Composite Health Score (Capital, Asset Quality, Earnings, Liquidity, Growth)",simple,How many accounts have issued cards?
10,CEO; COO; Board; CRO,"Composite Health Score (Capital, Asset Quality, Earnings, Liquidity, Growth)",simple,How many accounts have a liquidity ratio below the required threshold?
10,CEO; COO; Board; CRO,"Composite Health Score (Capital, Asset Quality, Earnings, Liquidity, Growth)",simple,What is the total number of new accounts opened?
10,CEO; COO; Board; CRO,"Composite Health Score (Capital, Asset Quality, Earnings, Liquidity, Growth)",simple,How many accounts have been flagged for poor asset quality?
11,Risk Manager; Finance Manager,High-Balance Exposure; Concentration Risk,simple,What is the total number of accounts with balances exceeding $1 million?
11,Risk Manager; Finance Manager,High-Balance Exposure; Concentration Risk,simple,Which single account has the highest loan balance?
11,Risk Manager; Finance Manager,High-Balance Exposure; Concentration Risk,simple,"How many accounts have a share balance greater than $500,000?"
11,Risk Manager; Finance Manager,High-Balance Exposure; Concentration Risk,simple,What percentage of total loan exposure is represented by the top 10 accounts?
11,Risk Manager; Finance Manager,High-Balance Exposure; Concentration Risk,simple,How many accounts have both high loan and high share balances?
11,Risk Manager; Finance Manager,High-Balance Exposure; Concentration Risk,simple,"What is the count of accounts with a card balance above $100,000?"
11,Risk Manager; Finance Manager,High-Balance Exposure; Concentration Risk,simple,"Which account holds the largest combined balance across loans, shares, and cards?"
11,Risk Manager; Finance Manager,High-Balance Exposure; Concentration Risk,simple,What is the total exposure of the single largest account in the portfolio?
11,Risk Manager; Finance Manager,High-Balance Exposure; Concentration Risk,simple,How many accounts represent more than 5% of the total portfolio exposure individually?
11,Risk Manager; Finance Manager,High-Balance Exposure; Concentration Risk,simple,What is the highest single account balance in the SHARE table?
12,Fraud Analyst; Risk Manager,Transfer Limit Exposure; Operational Risk Indicator,simple,"What is the total number of accounts with a transfer limit above $10,000?"
12,Fraud Analyst; Risk Manager,Transfer Limit Exposure; Operational Risk Indicator,simple,Which account has the highest transfer limit?
12,Fraud Analyst; Risk Manager,Transfer Limit Exposure; Operational Risk Indicator,simple,How many accounts have daily transfer limits set to the default value?
12,Fraud Analyst; Risk Manager,Transfer Limit Exposure; Operational Risk Indicator,simple,What is the average transfer limit across all accounts?
12,Fraud Analyst; Risk Manager,Transfer Limit Exposure; Operational Risk Indicator,simple,How many accounts have no assigned transfer limit?
12,Fraud Analyst; Risk Manager,Transfer Limit Exposure; Operational Risk Indicator,simple,"What is the percentage of accounts with transfer limits exceeding $5,000?"
12,Fraud Analyst; Risk Manager,Transfer Limit Exposure; Operational Risk Indicator,simple,How many accounts have transfer limits above recommended operational risk thresholds?
12,Fraud Analyst; Risk Manager,Transfer Limit Exposure; Operational Risk Indicator,simple,Which account has the lowest non-zero transfer limit?
12,Fraud Analyst; Risk Manager,Transfer Limit Exposure; Operational Risk Indicator,simple,What is the sum of all transfer limits for active accounts?
12,Fraud Analyst; Risk Manager,Transfer Limit Exposure; Operational Risk Indicator,simple,How many accounts have requested a transfer limit increase in the past 30 days?
13,Fraud Analyst; Card Product Manager,ATM Utilization Rate; Limit Utilization Anomaly,simple,What is the total number of ATM withdrawals made in the last month?
13,Fraud Analyst; Card Product Manager,ATM Utilization Rate; Limit Utilization Anomaly,simple,What percentage of cardholders have utilized more than 80% of their credit limit?
13,Fraud Analyst; Card Product Manager,ATM Utilization Rate; Limit Utilization Anomaly,simple,How many accounts have conducted at least one ATM transaction?
13,Fraud Analyst; Card Product Manager,ATM Utilization Rate; Limit Utilization Anomaly,simple,What is the average ATM withdrawal amount across all accounts?
13,Fraud Analyst; Card Product Manager,ATM Utilization Rate; Limit Utilization Anomaly,simple,What is the highest ATM withdrawal amount recorded?
13,Fraud Analyst; Card Product Manager,ATM Utilization Rate; Limit Utilization Anomaly,simple,How many accounts have reached their ATM withdrawal limit?
13,Fraud Analyst; Card Product Manager,ATM Utilization Rate; Limit Utilization Anomaly,simple,What is the total sum of ATM transactions for all cardholders?
13,Fraud Analyst; Card Product Manager,ATM Utilization Rate; Limit Utilization Anomaly,simple,What percentage of total cardholders have not made any ATM transaction?
13,Fraud Analyst; Card Product Manager,ATM Utilization Rate; Limit Utilization Anomaly,simple,How many cards have transactions exceeding the assigned limit?
13,Fraud Analyst; Card Product Manager,ATM Utilization Rate; Limit Utilization Anomaly,simple,What is the count of accounts with ATM usage below 10% of their transaction limit?
14,Risk & Credit Analytics Manager; CRO; Compliance Officer,90+ DPD Rate; Delinquency Ratio; Non-Performing Loan %,medium,What is the 90+ DPD Rate by loan product type over the last 12 months when joining PUBLIC.LOAN and PUBLIC.ACCOUNT?
14,Risk & Credit Analytics Manager; CRO; Compliance Officer,90+ DPD Rate; Delinquency Ratio; Non-Performing Loan %,medium,How does the Non-Performing Loan % differ by customer segment (individual vs. business) in the most recent quarter using PUBLIC.MEMBER and PUBLIC.LOAN?
14,Risk & Credit Analytics Manager; CRO; Compliance Officer,90+ DPD Rate; Delinquency Ratio; Non-Performing Loan %,medium,"For accounts with a delinquency status in PUBLIC.ACCOUNT, what is the distribution of delinquency ratio by branch code from PUBLIC.LOOKUP?"
14,Risk & Credit Analytics Manager; CRO; Compliance Officer,90+ DPD Rate; Delinquency Ratio; Non-Performing Loan %,medium,Rank the top 10 branches with the highest number of 90+ DPD accounts during the last 6 months using PUBLIC.TRACKING joined with PUBLIC.ACCOUNT and PUBLIC.LOOKUP.
14,Risk & Credit Analytics Manager; CRO; Compliance Officer,90+ DPD Rate; Delinquency Ratio; Non-Performing Loan %,medium,"What is the Non-Performing Loan % by origination channel (e.g., branch, online, agent) by segmenting PUBLIC.LOAN and PUBLIC.ACCOUNT?"
14,Risk & Credit Analytics Manager; CRO; Compliance Officer,90+ DPD Rate; Delinquency Ratio; Non-Performing Loan %,medium,Compare the 90+ DPD Rate for credit cards vs. loans over the past year using PUBLIC.CARD and PUBLIC.LOAN joined with PUBLIC.ACCOUNT.
14,Risk & Credit Analytics Manager; CRO; Compliance Officer,90+ DPD Rate; Delinquency Ratio; Non-Performing Loan %,medium,"What proportion of accounts with notes indicating 'contact unsuccessful' in PUBLIC.NOTE show as Non-Performing Loans in PUBLIC.ACCOUNT, grouped by region?"
14,Risk & Credit Analytics Manager; CRO; Compliance Officer,90+ DPD Rate; Delinquency Ratio; Non-Performing Loan %,medium,"Analyze the delinquency ratio by customer age group, joining PUBLIC.ACCOUNT and PUBLIC.MEMBER for the last fiscal year."
14,Risk & Credit Analytics Manager; CRO; Compliance Officer,90+ DPD Rate; Delinquency Ratio; Non-Performing Loan %,medium,List the top 5 customer segments by share of accounts transitioning into 90+ DPD in the previous quarter using PUBLIC.TRACKING and PUBLIC.MEMBER.
14,Risk & Credit Analytics Manager; CRO; Compliance Officer,90+ DPD Rate; Delinquency Ratio; Non-Performing Loan %,medium,"What is the breakdown of Non-Performing Loan % for accounts that have received a collection comment in PUBLIC.COMMENT during the last 3 months, by loan portfolio?"
15,Finance / Treasury Manager; Branch / Regional Manager,Total Deposit Balance by Geography; Concentration Risk,medium,"What is the total deposit balance by city for the last quarter, ranked from highest to lowest?"
15,Finance / Treasury Manager; Branch / Regional Manager,Total Deposit Balance by Geography; Concentration Risk,medium,Which three branches have the highest concentration of deposits from a single client in the past 6 months?
15,Finance / Treasury Manager; Branch / Regional Manager,Total Deposit Balance by Geography; Concentration Risk,medium,How does the ratio of total deposits to number of accounts vary by region this year?
15,Finance / Treasury Manager; Branch / Regional Manager,Total Deposit Balance by Geography; Concentration Risk,medium,Which regions have more than 30% of their total deposit balance coming from the top 5 accounts?
15,Finance / Treasury Manager; Branch / Regional Manager,Total Deposit Balance by Geography; Concentration Risk,medium,What is the month-over-month change in deposit balances by branch over the past 12 months?
15,Finance / Treasury Manager; Branch / Regional Manager,Total Deposit Balance by Geography; Concentration Risk,medium,What percentage of deposit balances in each state comes from accounts holding more than $1 million?
15,Finance / Treasury Manager; Branch / Regional Manager,Total Deposit Balance by Geography; Concentration Risk,medium,"Compare total deposit balances by geography, segmented by personal and business accounts."
15,Finance / Treasury Manager; Branch / Regional Manager,Total Deposit Balance by Geography; Concentration Risk,medium,Identify the top 5 counties with deposit balances concentrated in fewer than 10 customers.
15,Finance / Treasury Manager; Branch / Regional Manager,Total Deposit Balance by Geography; Concentration Risk,medium,Which branches have seen the largest increase in deposit concentration risk year-over-year?
15,Finance / Treasury Manager; Branch / Regional Manager,Total Deposit Balance by Geography; Concentration Risk,medium,"What is the breakdown of total deposit balance by account type (savings, checking, etc.) for each zip code?"
16,Product Manager; Member Analytics Lead,Early Closure Rate; Account Churn (≤90 days),medium,"What is the percentage of accounts closed within 90 days, segmented by account type?"
16,Product Manager; Member Analytics Lead,Early Closure Rate; Account Churn (≤90 days),medium,"Among accounts closed ≤90 days, what is the breakdown by initial deposit amount range?"
16,Product Manager; Member Analytics Lead,Early Closure Rate; Account Churn (≤90 days),medium,Rank the top 10 branches by early closure rate (accounts closed ≤90 days) in the past 12 months.
16,Product Manager; Member Analytics Lead,Early Closure Rate; Account Churn (≤90 days),medium,What is the ratio of early closures (≤90 days) among members who received a loan within 30 days of account opening versus those who did not?
16,Product Manager; Member Analytics Lead,Early Closure Rate; Account Churn (≤90 days),medium,Compare early closure rates (≤90 days) by card type for accounts that issued a debit or credit card within 7 days of opening.
16,Product Manager; Member Analytics Lead,Early Closure Rate; Account Churn (≤90 days),medium,What percentage of early closed accounts (≤90 days) had at least one MEMBER NOTE recorded before closure compared to those without any notes?
16,Product Manager; Member Analytics Lead,Early Closure Rate; Account Churn (≤90 days),medium,"For accounts closed within 90 days, what is the average number of COMMENTS left in the account lifecycle compared to those remaining open past 90 days?"
16,Product Manager; Member Analytics Lead,Early Closure Rate; Account Churn (≤90 days),medium,Group accounts by whether they had any SHARE activity in the first 30 days and compare early closure rates (≤90 days) between these groups.
16,Product Manager; Member Analytics Lead,Early Closure Rate; Account Churn (≤90 days),medium,"Segment accounts by the presence or absence of TRACKING entries, and show the early closure rate (≤90 days) among each segment."
16,Product Manager; Member Analytics Lead,Early Closure Rate; Account Churn (≤90 days),medium,"For accounts opened during the last quarter, what proportion of early closures (≤90 days) had a LOAN product assigned during their lifecycle versus those that did not?"
17,Finance Manager; CRO; Product Manager,Portfolio Mix %; Credit Card Exposure by Balance,medium,"What is the distribution of credit card exposure by balance segment (e.g., <$5K, $5K-$10K, >$10K) compared to other loan types within the portfolio?"
17,Finance Manager; CRO; Product Manager,Portfolio Mix %; Credit Card Exposure by Balance,medium,How has the credit card exposure by balance changed quarter-over-quarter for the last 12 months?
17,Finance Manager; CRO; Product Manager,Portfolio Mix %; Credit Card Exposure by Balance,medium,"What percentage of total portfolio balance is held in credit card accounts for each customer segment (e.g., by age group or income level)?"
17,Finance Manager; CRO; Product Manager,Portfolio Mix %; Credit Card Exposure by Balance,medium,Which branches have the highest proportion of credit card exposure by balance compared to other loan products?
17,Finance Manager; CRO; Product Manager,Portfolio Mix %; Credit Card Exposure by Balance,medium,"What is the ratio of active credit card account balances to total active account balances, grouped by account type?"
17,Finance Manager; CRO; Product Manager,Portfolio Mix %; Credit Card Exposure by Balance,medium,How does credit card exposure by balance compare between new and existing members onboarded in the last 6 months?
17,Finance Manager; CRO; Product Manager,Portfolio Mix %; Credit Card Exposure by Balance,medium,Which three product types (other than credit cards) have the highest correlation with high credit card exposure by balance?
17,Finance Manager; CRO; Product Manager,Portfolio Mix %; Credit Card Exposure by Balance,medium,What is the year-over-year percentage change in credit card exposure by balance compared to auto and home loans?
17,Finance Manager; CRO; Product Manager,Portfolio Mix %; Credit Card Exposure by Balance,medium,"Among accounts with more than two products, what is the average credit card exposure by balance as a percentage of their total portfolio?"
17,Finance Manager; CRO; Product Manager,Portfolio Mix %; Credit Card Exposure by Balance,medium,"For members with at least one comment in the past 90 days, what percentage of their total exposure is in credit cards versus other loan products?"
18,Member Analytics Lead; Compliance Officer,Dormant Account Rate; Inactivity Ratio,medium,"What is the ratio of dormant accounts by account type (e.g., checking, savings) over the past 180 days?"
18,Member Analytics Lead; Compliance Officer,Dormant Account Rate; Inactivity Ratio,medium,"Among all accounts, what percentage were inactive for each month in the last year, segmented by customer region?"
18,Member Analytics Lead; Compliance Officer,Dormant Account Rate; Inactivity Ratio,medium,Rank the top 10 branches by dormant account rate over the last quarter.
18,Member Analytics Lead; Compliance Officer,Dormant Account Rate; Inactivity Ratio,medium,Compare the inactivity ratio between accounts with a credit card and those without over the past 6 months.
18,Member Analytics Lead; Compliance Officer,Dormant Account Rate; Inactivity Ratio,medium,What is the breakdown of dormant account rates by customer age group in the current year?
18,Member Analytics Lead; Compliance Officer,Dormant Account Rate; Inactivity Ratio,medium,"For members with active loans, what percentage of their associated accounts became inactive over the previous 90 days?"
18,Member Analytics Lead; Compliance Officer,Dormant Account Rate; Inactivity Ratio,medium,Calculate the inactivity ratio for accounts opened within the last year versus those opened earlier.
18,Member Analytics Lead; Compliance Officer,Dormant Account Rate; Inactivity Ratio,medium,"For accounts that have received a comment or note in the last 60 days, what percentage are still classified as dormant?"
18,Member Analytics Lead; Compliance Officer,Dormant Account Rate; Inactivity Ratio,medium,Compare the dormant account rate between individual and joint accounts during the past 12 months.
18,Member Analytics Lead; Compliance Officer,Dormant Account Rate; Inactivity Ratio,medium,"Segment and rank account inactivity ratios by product type (e.g., loan, card, share) over the last quarter."
19,Member Analytics Lead; Executive Leadership,Average Account Tenure; Member Lifetime Value (proxy),medium,"What is the median account tenure by product type (e.g., loan, card, deposit)?"
19,Member Analytics Lead; Executive Leadership,Average Account Tenure; Member Lifetime Value (proxy),medium,Which branches have the highest average member lifetime value in the past 3 years?
19,Member Analytics Lead; Executive Leadership,Average Account Tenure; Member Lifetime Value (proxy),medium,What is the account tenure distribution for members with and without a loan product?
19,Member Analytics Lead; Executive Leadership,Average Account Tenure; Member Lifetime Value (proxy),medium,What is the ratio of accounts exceeding a 5-year tenure broken down by member age group?
19,Member Analytics Lead; Executive Leadership,Average Account Tenure; Member Lifetime Value (proxy),medium,How does average account tenure differ between members who have interacted with digital channels versus those who haven't?
19,Member Analytics Lead; Executive Leadership,Average Account Tenure; Member Lifetime Value (proxy),medium,Which top 10 member occupation segments have the longest running accounts as of this year?
19,Member Analytics Lead; Executive Leadership,Average Account Tenure; Member Lifetime Value (proxy),medium,"What is the member lifetime value for accounts with recorded notes compared to those without, over the last 2 years?"
19,Member Analytics Lead; Executive Leadership,Average Account Tenure; Member Lifetime Value (proxy),medium,"Among accounts opened in the last 5 years, which account opening channels correlate with higher lifetime value after 12 months?"
19,Member Analytics Lead; Executive Leadership,Average Account Tenure; Member Lifetime Value (proxy),medium,What are the average tenures of members who have both a loan and a card compared to those with only one product?
19,Member Analytics Lead; Executive Leadership,Average Account Tenure; Member Lifetime Value (proxy),medium,How does the average account tenure differ between members who have received a comment or share on their account record versus those who have not?
20,Member Analytics Lead; Product Manager,Active Account Tenure; Retention Duration,medium,"What is the average retention duration for accounts grouped by product type (e.g. loan, card, share)?"
20,Member Analytics Lead; Product Manager,Active Account Tenure; Retention Duration,medium,Which member age groups have the longest median active account tenure?
20,Member Analytics Lead; Product Manager,Active Account Tenure; Retention Duration,medium,"For accounts opened in the last 3 years, which geographical regions have the highest retention duration?"
20,Member Analytics Lead; Product Manager,Active Account Tenure; Retention Duration,medium,What is the retention duration comparison between members with and without loan products?
20,Member Analytics Lead; Product Manager,Active Account Tenure; Retention Duration,medium,"For accounts with more than three comments or notes, how does the median tenure differ from other accounts?"
20,Member Analytics Lead; Product Manager,Active Account Tenure; Retention Duration,medium,Rank the top 5 account origination channels by their average account retention duration.
20,Member Analytics Lead; Product Manager,Active Account Tenure; Retention Duration,medium,"Compare the retention duration between accounts with credit cards and those without, segmented by account opening year."
20,Member Analytics Lead; Product Manager,Active Account Tenure; Retention Duration,medium,"For members who interacted with support (via NOTE or COMMENT tables), how does their retention duration compare to those who did not?"
20,Member Analytics Lead; Product Manager,Active Account Tenure; Retention Duration,medium,What account tenure patterns exist for members who have shared (via SHARE table) their account information in the past year?
20,Member Analytics Lead; Product Manager,Active Account Tenure; Retention Duration,medium,"Among accounts with tracking activity in the past 6 months, what is the distribution of account tenures grouped by primary product type?"
21,Product Manager; Risk Manager,Monthly Closure Rate; Product Attrition Rate,medium,"What is the monthly closure rate of accounts segmented by product type (LOAN, CARD, SHARE) over the past 12 months?"
21,Product Manager; Risk Manager,Monthly Closure Rate; Product Attrition Rate,medium,How does product attrition rate compare between segments with and without recorded TRACKING events in the past quarter?
21,Product Manager; Risk Manager,Monthly Closure Rate; Product Attrition Rate,medium,Rank the top 5 branches by account closure rate in the last 6 months using data from ACCOUNT and ACCOUNT branch information.
21,Product Manager; Risk Manager,Monthly Closure Rate; Product Attrition Rate,medium,What is the product attrition rate by customer age group for CARD and LOAN products over the past year?
21,Product Manager; Risk Manager,Monthly Closure Rate; Product Attrition Rate,medium,What percentage of closed accounts had at least one NOTE added in the 30 days prior to closure?
21,Product Manager; Risk Manager,Monthly Closure Rate; Product Attrition Rate,medium,Compare monthly closure rates between accounts with active LOAN products and those without for the current and previous year.
21,Product Manager; Risk Manager,Monthly Closure Rate; Product Attrition Rate,medium,"Group the monthly product attrition rate based on ACCOUNT type (e.g., individual vs. business) in the last 12 months."
21,Product Manager; Risk Manager,Monthly Closure Rate; Product Attrition Rate,medium,What is the closure rate for accounts with multiple product holdings (CARD and LOAN) versus single product holdings in the last 3 months?
21,Product Manager; Risk Manager,Monthly Closure Rate; Product Attrition Rate,medium,"For accounts with more than three COMMENTS logged, what is the monthly attrition rate compared to those with fewer COMMENTS?"
21,Product Manager; Risk Manager,Monthly Closure Rate; Product Attrition Rate,medium,"What is the breakdown of closure rates by primary product (CARD, LOAN, SHARE) for accounts that have had at least one MEMBER record added in the past 6 months?"
22,Member Analytics Lead; CRO,Long-Tenure Account %; Dormant vs Active Ratio,medium,"What is the percentage of long-tenure accounts with at least one loan product compared to those without, grouped by tenure bracket (e.g., 1-3 years, 3-5 years, 5+ years)?"
22,Member Analytics Lead; CRO,Long-Tenure Account %; Dormant vs Active Ratio,medium,What is the ratio of dormant to active accounts segmented by card ownership status (has credit card vs. no credit card) within the past year?
22,Member Analytics Lead; CRO,Long-Tenure Account %; Dormant vs Active Ratio,medium,"Among accounts created more than five years ago, what percentage have had no share transactions in the past 12 months, grouped by product type?"
22,Member Analytics Lead; CRO,Long-Tenure Account %; Dormant vs Active Ratio,medium,How does the dormant vs. active account ratio differ between members who have left comments in the last 6 months and those who have not?
22,Member Analytics Lead; CRO,Long-Tenure Account %; Dormant vs Active Ratio,medium,"What is the trend in dormant account ratio over the last three years, broken down by loan ownership status?"
22,Member Analytics Lead; CRO,Long-Tenure Account %; Dormant vs Active Ratio,medium,"For each branch, what is the ranked list of top 5 segments by long-tenure account percentage based on account type (savings, current, etc.)?"
22,Member Analytics Lead; CRO,Long-Tenure Account %; Dormant vs Active Ratio,medium,"Which account age group (in years) has the highest ratio of dormant to active accounts, and how does this compare to the overall ratio?"
22,Member Analytics Lead; CRO,Long-Tenure Account %; Dormant vs Active Ratio,medium,What is the breakdown of active vs. dormant accounts among members with at least one note added in the past year?
22,Member Analytics Lead; CRO,Long-Tenure Account %; Dormant vs Active Ratio,medium,"For all accounts with both a loan and card, what percentage are dormant versus active, grouped by member age band?"
22,Member Analytics Lead; CRO,Long-Tenure Account %; Dormant vs Active Ratio,medium,"Comparing accounts opened in the last 2 years vs. over 5 years ago, what is the ratio of dormant to active accounts in each group?"
23,Executive Leadership; CRO,Product Mix %; Portfolio Allocation,medium,"What is the distribution of product types (loan, card, share) by account segment for the last quarter?"
23,Executive Leadership; CRO,Product Mix %; Portfolio Allocation,medium,Which top 5 product types contribute most to the overall portfolio allocation by total account balance?
23,Executive Leadership; CRO,Product Mix %; Portfolio Allocation,medium,How did the product mix percentage change by branch location compared to the previous quarter?
23,Executive Leadership; CRO,Product Mix %; Portfolio Allocation,medium,What is the average share of each product category within high-value accounts segmented by customer region?
23,Executive Leadership; CRO,Product Mix %; Portfolio Allocation,medium,Which customer age groups hold the highest proportion of loan products versus card products?
23,Executive Leadership; CRO,Product Mix %; Portfolio Allocation,medium,What is the ratio of active loans to total accounts across different account types this month?
23,Executive Leadership; CRO,Product Mix %; Portfolio Allocation,medium,What percentage of total portfolio value comes from customers with more than two different product holdings?
23,Executive Leadership; CRO,Product Mix %; Portfolio Allocation,medium,Which 3 product types experienced the largest change in allocation within the portfolio over the past 6 months?
23,Executive Leadership; CRO,Product Mix %; Portfolio Allocation,medium,How does the product mix percentage differ between new and existing members added this year?
23,Executive Leadership; CRO,Product Mix %; Portfolio Allocation,medium,"What is the product allocation per member segment (e.g., personal, business) and how does it compare to last year?"
24,CEO; COO; Board; CRO,"Composite Health Score (Capital, Asset Quality, Earnings, Liquidity, Growth)",medium,"What is the ratio of non-performing loans to total loans over the past quarter, grouped by loan type?"
24,CEO; COO; Board; CRO,"Composite Health Score (Capital, Asset Quality, Earnings, Liquidity, Growth)",medium,How has the average deposit growth rate changed year-over-year for the top 10% of accounts by balance?
24,CEO; COO; Board; CRO,"Composite Health Score (Capital, Asset Quality, Earnings, Liquidity, Growth)",medium,"What percentage of accounts have a credit card utilization above 80%, segmented by credit score band?"
24,CEO; COO; Board; CRO,"Composite Health Score (Capital, Asset Quality, Earnings, Liquidity, Growth)",medium,"Among all accounts, what is the average liquidity ratio by customer segment (e.g., retail vs. corporate) over the last 12 months?"
24,CEO; COO; Board; CRO,"Composite Health Score (Capital, Asset Quality, Earnings, Liquidity, Growth)",medium,"Which top 5 product types, based on volume, contributed most to net earnings growth in the previous fiscal year?"
24,CEO; COO; Board; CRO,"Composite Health Score (Capital, Asset Quality, Earnings, Liquidity, Growth)",medium,"Compare asset quality trends by region over the last two years, using delinquency rates on loan accounts."
24,CEO; COO; Board; CRO,"Composite Health Score (Capital, Asset Quality, Earnings, Liquidity, Growth)",medium,What is the breakdown of capital adequacy ratios across different account tiers as of the latest reporting period?
24,CEO; COO; Board; CRO,"Composite Health Score (Capital, Asset Quality, Earnings, Liquidity, Growth)",medium,"Identify the rank order of branches based on account growth rates, filtering for branches established within the last three years."
24,CEO; COO; Board; CRO,"Composite Health Score (Capital, Asset Quality, Earnings, Liquidity, Growth)",medium,"What proportion of new loan accounts opened in the last 6 months have defaulted, grouped by loan size category?"
24,CEO; COO; Board; CRO,"Composite Health Score (Capital, Asset Quality, Earnings, Liquidity, Growth)",medium,How does the monthly liquidity coverage ratio differ between retail and business accounts for the current year?
25,Risk Manager; Finance Manager,High-Balance Exposure; Concentration Risk,medium,What percentage of total loan exposure is concentrated in the top 5% of accounts by balance over the last 12 months?
25,Risk Manager; Finance Manager,High-Balance Exposure; Concentration Risk,medium,"Which three customer industry sectors have the highest aggregate account balances, and what is their share of total exposure?"
25,Risk Manager; Finance Manager,High-Balance Exposure; Concentration Risk,medium,How does the distribution of high-balance accounts (above institution limit) vary by region for the most recent quarter?
25,Risk Manager; Finance Manager,High-Balance Exposure; Concentration Risk,medium,"For accounts with a balance exceeding $1 million, what is the breakdown by account type (loan, card, share) in the past year?"
25,Risk Manager; Finance Manager,High-Balance Exposure; Concentration Risk,medium,Compare the concentration risk ratio between the top 10 largest accounts and the rest of the portfolio by month in 2023.
25,Risk Manager; Finance Manager,High-Balance Exposure; Concentration Risk,medium,"Which five branches currently hold the highest combined high-balance account exposures, and what is the cumulative value?"
25,Risk Manager; Finance Manager,High-Balance Exposure; Concentration Risk,medium,"What is the number and proportion of accounts exceeding single obligor exposure limits, grouped by credit grade category?"
25,Risk Manager; Finance Manager,High-Balance Exposure; Concentration Risk,medium,How has the number of high-balance accounts (above 95th percentile) changed quarter-over-quarter in the last 8 quarters?
25,Risk Manager; Finance Manager,High-Balance Exposure; Concentration Risk,medium,What share of total exposure is attributed to group accounts (joined via MEMBER table) versus individual accounts in 2023?
25,Risk Manager; Finance Manager,High-Balance Exposure; Concentration Risk,medium,"Rank the top five customers by total exposure, including balances from ACCOUNT, LOAN, and CARD, as of December 31, 2023."
26,Fraud Analyst; Risk Manager,Transfer Limit Exposure; Operational Risk Indicator,medium,"What is the monthly percentage of accounts where daily transfer limits were exceeded, grouped by branch location?"
26,Fraud Analyst; Risk Manager,Transfer Limit Exposure; Operational Risk Indicator,medium,Which account types have the highest average transfer limit utilization ratio over the past quarter?
26,Fraud Analyst; Risk Manager,Transfer Limit Exposure; Operational Risk Indicator,medium,"List the top 10 accounts with the largest single-day transfer amounts, including their corresponding customer segment."
26,Fraud Analyst; Risk Manager,Transfer Limit Exposure; Operational Risk Indicator,medium,"For the last 6 months, what is the trend of operational risk events related to exceeding transfer limits, grouped by product type?"
26,Fraud Analyst; Risk Manager,Transfer Limit Exposure; Operational Risk Indicator,medium,Rank branches by the number of operational incidents caused by transfers above set limits in the past year.
26,Fraud Analyst; Risk Manager,Transfer Limit Exposure; Operational Risk Indicator,medium,Compare the transfer limit exposures of accounts with active loans versus those without for the current fiscal year.
26,Fraud Analyst; Risk Manager,Transfer Limit Exposure; Operational Risk Indicator,medium,What is the breakdown of transfer limit utilizations by risk rating for new accounts opened in the last 90 days?
26,Fraud Analyst; Risk Manager,Transfer Limit Exposure; Operational Risk Indicator,medium,"Identify the percentage of accounts that modified their transfer limits more than twice this year, grouped by account status."
26,Fraud Analyst; Risk Manager,Transfer Limit Exposure; Operational Risk Indicator,medium,"What is the ratio of failed versus successful transfer attempts due to limit breaches in the last month, segmented by channel (online, branch, ATM)?"
26,Fraud Analyst; Risk Manager,Transfer Limit Exposure; Operational Risk Indicator,medium,"Among accounts with high operational risk indicators, which customer age groups have the highest average exposure to transfer limits?"
27,Fraud Analyst; Card Product Manager,ATM Utilization Rate; Limit Utilization Anomaly,medium,"What is the ATM utilization rate by region over the last quarter, segmented by card type?"
27,Fraud Analyst; Card Product Manager,ATM Utilization Rate; Limit Utilization Anomaly,medium,Which cardholder segments (based on account type from PUBLIC.ACCOUNT) have the highest percentage of ATM transactions exceeding 80% of their card limit this month?
27,Fraud Analyst; Card Product Manager,ATM Utilization Rate; Limit Utilization Anomaly,medium,"Rank ATM locations by frequency of transactions where withdrawal amounts are above the daily card limit, using data joined from PUBLIC.CARD and PUBLIC.ACCOUNT."
27,Fraud Analyst; Card Product Manager,ATM Utilization Rate; Limit Utilization Anomaly,medium,What percentage of accounts in PUBLIC.ACCOUNT have used more than 90% of their card limit at least once in the past six months?
27,Fraud Analyst; Card Product Manager,ATM Utilization Rate; Limit Utilization Anomaly,medium,Compare ATM utilization rates for members (from PUBLIC.MEMBER) who hold multiple card products versus those with only one card product over the last year.
27,Fraud Analyst; Card Product Manager,ATM Utilization Rate; Limit Utilization Anomaly,medium,Group accounts in PUBLIC.ACCOUNT by account type and compare the average ATM withdrawal-to-card limit ratio across these groups for the recent quarter.
27,Fraud Analyst; Card Product Manager,ATM Utilization Rate; Limit Utilization Anomaly,medium,"Identify the top 10 card holders from PUBLIC.CARD with the highest number of limit utilization anomalies last month, joined with their member status from PUBLIC.MEMBER."
27,Fraud Analyst; Card Product Manager,ATM Utilization Rate; Limit Utilization Anomaly,medium,What is the month-over-month change in ATM withdrawal frequency for each card type in PUBLIC.CARD among loan account holders (from PUBLIC.LOAN)?
27,Fraud Analyst; Card Product Manager,ATM Utilization Rate; Limit Utilization Anomaly,medium,Calculate and rank the percentage of accounts per branch (from PUBLIC.ACCOUNT) that had an ATM withdrawal exceeding 70% of their available credit limit in the last three months.
27,Fraud Analyst; Card Product Manager,ATM Utilization Rate; Limit Utilization Anomaly,medium,"Among active accounts, what is the breakdown of ATM utilization rate by share type (from PUBLIC.SHARE) over the previous quarter?"
28,Risk & Credit Analytics Manager; CRO; Compliance Officer,90+ DPD Rate; Delinquency Ratio; Non-Performing Loan %,hard,"What proportion of CURRENT high-utilization cardholders (utilization >80%) have transitioned to 90+ DPD loans over the past 6 months, segmented by product type and origination channel?"
28,Risk & Credit Analytics Manager; CRO; Compliance Officer,90+ DPD Rate; Delinquency Ratio; Non-Performing Loan %,hard,"For members with multiple loan products, how does the roll rate to 90+ DPD differ between single-product and multi-product account holders when controlling for past due history in the last 12 months?"
28,Risk & Credit Analytics Manager; CRO; Compliance Officer,90+ DPD Rate; Delinquency Ratio; Non-Performing Loan %,hard,"Which top 5 customer segments, based on income band and account age, exhibit the highest month-over-month growth in Non-Performing Loan %, and are there early-warning behavioral signals (note/comment patterns) evident in these segments?"
28,Risk & Credit Analytics Manager; CRO; Compliance Officer,90+ DPD Rate; Delinquency Ratio; Non-Performing Loan %,hard,"How does concentration risk in the top 10% largest loan exposures correlate with subsequent delinquency ratio spikes, examining time-lagged effects over the last four quarters?"
28,Risk & Credit Analytics Manager; CRO; Compliance Officer,90+ DPD Rate; Delinquency Ratio; Non-Performing Loan %,hard,"Among accounts with recent negative comments or notes (last 60 days), what is the forward 3-month transition rate to 90+ DPD compared to accounts without negative remarks?"
28,Risk & Credit Analytics Manager; CRO; Compliance Officer,90+ DPD Rate; Delinquency Ratio; Non-Performing Loan %,hard,"What are the seasonal or cyclical patterns in delinquency ratio trends by product (LOAN, CARD, SHARE) over the past 24 months, and are there specific periods with statistically significant increases in transitions to 90+ DPD?"
28,Risk & Credit Analytics Manager; CRO; Compliance Officer,90+ DPD Rate; Delinquency Ratio; Non-Performing Loan %,hard,"For accounts exhibiting a sudden increase in transaction activity (TRACKING table) immediately prior to delinquency, what behavioral risk indicators can be identified, and how do these compare to historic NPL cases?"
28,Risk & Credit Analytics Manager; CRO; Compliance Officer,90+ DPD Rate; Delinquency Ratio; Non-Performing Loan %,hard,"How does the roll rate to 90+ DPD vary for new accounts (opened within the past 12 months) vs. seasoned accounts, when segmented by initial credit grade or risk rating at origination?"
28,Risk & Credit Analytics Manager; CRO; Compliance Officer,90+ DPD Rate; Delinquency Ratio; Non-Performing Loan %,hard,"Which account segments (by sector, geography, or employer in MEMBER table) have materially worsening Non-Performing Loan % over the last quarter, and what are the associated early-warning account activities observed?"
28,Risk & Credit Analytics Manager; CRO; Compliance Officer,90+ DPD Rate; Delinquency Ratio; Non-Performing Loan %,hard,"Is there an identifiable uptick in delinquency ratio among accounts converted from non-delinquent to delinquent status following a specific product upgrade or cross-sell event (JOIN on LOAN, CARD), and does this correlate with any changes in account notes or tracking activities?"
29,Finance / Treasury Manager; Branch / Regional Manager,Total Deposit Balance by Geography; Concentration Risk,hard,"How has the top 5% of deposit account holders by balance changed month-over-month in each region during the past 12 months, and what is their cumulative share of total deposits?"
29,Finance / Treasury Manager; Branch / Regional Manager,Total Deposit Balance by Geography; Concentration Risk,hard,Identify accounts or geographic segments showing a 25% or more decline in average daily deposit balances over two consecutive quarters—what early-warning indicators are prevalent in these segments?
29,Finance / Treasury Manager; Branch / Regional Manager,Total Deposit Balance by Geography; Concentration Risk,hard,"What is the dependency ratio of total deposit balance on the top 10 depositors within each region, and how does this risk evolve quarterly against overall deposit inflows and outflows?"
29,Finance / Treasury Manager; Branch / Regional Manager,Total Deposit Balance by Geography; Concentration Risk,hard,Analyze whether new product launches (by product type and region) have led to increasing concentration of deposit balances within narrowly defined customer segments over the past year.
29,Finance / Treasury Manager; Branch / Regional Manager,Total Deposit Balance by Geography; Concentration Risk,hard,"Which regions exhibit a statistically significant increase in high balance account closures relative to the total number of accounts, and how does this affect regional deposit concentration risk?"
29,Finance / Treasury Manager; Branch / Regional Manager,Total Deposit Balance by Geography; Concentration Risk,hard,"With respect to seasonal or cyclical trends, are there regions where withdrawal activity consistently exceeds deposit activity among large account holders, threatening aggregate deposit stability?"
29,Finance / Treasury Manager; Branch / Regional Manager,Total Deposit Balance by Geography; Concentration Risk,hard,"Segment deposit accounts by industry (from ACCOUNT/MEMBER in LOOKUP) and measure which industries are contributing to increased deposit concentration, and how this changes during periods of macroeconomic stress."
29,Finance / Treasury Manager; Branch / Regional Manager,Total Deposit Balance by Geography; Concentration Risk,hard,"For regions with the highest deposit balances, what is the volatility of the top decile of deposit accounts compared to the regional average, and how does this correlate to overall concentration risk levels?"
29,Finance / Treasury Manager; Branch / Regional Manager,Total Deposit Balance by Geography; Concentration Risk,hard,Cross-reference deposit balances in regions with corresponding loan exposures from the LOAN table: where do we see deposit concentrations highly correlated with credit risk concentrations?
29,Finance / Treasury Manager; Branch / Regional Manager,Total Deposit Balance by Geography; Concentration Risk,hard,"Identify time periods and regions with a sudden influx or exodus of high balance accounts, and perform root cause analysis using linked COMMENT or TRACKING data for underlying behavioral risk signals."
30,Product Manager; Member Analytics Lead,Early Closure Rate; Account Churn (≤90 days),hard,"Which product types (loan, card, share) exhibit the highest early closure rate within 90 days when segmented by customer age, geography, and acquisition channel over the last four quarters?"
30,Product Manager; Member Analytics Lead,Early Closure Rate; Account Churn (≤90 days),hard,"What transaction behavior patterns (frequency, volume, monetary value) in the first 30 days post-account opening strongly correlate with early account churn, after normalizing for demographic and product mix?"
30,Product Manager; Member Analytics Lead,Early Closure Rate; Account Churn (≤90 days),hard,How does early closure risk distribute among accounts with multiple product holdings versus single product holders when analyzed over time by cohort and engagement (note/comment activity) levels?
30,Product Manager; Member Analytics Lead,Early Closure Rate; Account Churn (≤90 days),hard,"What are the top 5 customer segments (e.g., by risk score, occupation, or credit profile) with the highest 90-day closure rates, and how have their proportions shifted in the last 18 months?"
30,Product Manager; Member Analytics Lead,Early Closure Rate; Account Churn (≤90 days),hard,"Can we identify leading behavioral indicators—such as reduced digital interaction or inbound complaint notes—in the 14 days preceding early closure compared to active accounts, controlling for account type?"
30,Product Manager; Member Analytics Lead,Early Closure Rate; Account Churn (≤90 days),hard,"How concentrated is the early closure risk among large-value deposit accounts versus low-value ones, and what is the potential impact on funding liquidity if these trends persist or accelerate?"
30,Product Manager; Member Analytics Lead,Early Closure Rate; Account Churn (≤90 days),hard,To what extent does the presence of unresolved service comments or complaints (from PUBLIC.COMMENT) within the first 14 days increase the likelihood of account churn in the ≤90-day window across key customer segments?
30,Product Manager; Member Analytics Lead,Early Closure Rate; Account Churn (≤90 days),hard,"What percentage of early-closed accounts had low to no cross-sell activity (no linked loan or card) within the first 60 days, and how does this compare to the retention rates of accounts with multiple linked products?"
30,Product Manager; Member Analytics Lead,Early Closure Rate; Account Churn (≤90 days),hard,"Is there a statistically significant difference in early closure rates for customers who received proactive onboarding follow-up (tracked in PUBLIC.NOTE/TRACKING), versus those who did not, when analyzed by product and channel?"
30,Product Manager; Member Analytics Lead,Early Closure Rate; Account Churn (≤90 days),hard,"Among early-closed accounts, what time-based trend analysis reveals spikes after specific operational or regulatory events, and which member characteristics were most common in these spike cohorts?"
31,Finance Manager; CRO; Product Manager,Portfolio Mix %; Credit Card Exposure by Balance,hard,"How has the proportion of high-balance credit card accounts to total unsecured exposures evolved by customer risk segment over the past 12 months, and what early-warning indicators of stress (e.g., increasing minimum payments or delinquencies) are observable within each segment?"
31,Finance Manager; CRO; Product Manager,Portfolio Mix %; Credit Card Exposure by Balance,hard,"Can we identify clusters of customers with rapidly increasing credit card balances over the past three quarters, segmented by industry or region, and analyze corresponding product holding patterns to detect concentrated behavioral risk?"
31,Finance Manager; CRO; Product Manager,Portfolio Mix %; Credit Card Exposure by Balance,hard,"For accounts with both loan and card products, what is the trend in total unsecured exposure versus overall portfolio mix, and how do repayment delinquencies in credit card products correlate with increased utilization rates and subsequent cross-product default risk?"
31,Finance Manager; CRO; Product Manager,Portfolio Mix %; Credit Card Exposure by Balance,hard,"What percentage of the overall credit card exposure is attributable to the top 5% of accounts by balance, and how has this exposure concentration changed over rolling 6-month periods in line with regulatory thresholds?"
31,Finance Manager; CRO; Product Manager,Portfolio Mix %; Credit Card Exposure by Balance,hard,"How do early repayment behaviors, frequent overdrafts, and increases in revolving balances interact (using tracking and comment data) for customers exhibiting a shift in portfolio mix exceeding 10% towards credit card products in a fiscal year?"
31,Finance Manager; CRO; Product Manager,Portfolio Mix %; Credit Card Exposure by Balance,hard,"What is the incidence of customers who, following a share or note-related financial hardship event within the past year, increased their credit card utilization, and how does this relate to subsequent portfolio mix changes and exposure risk?"
31,Finance Manager; CRO; Product Manager,Portfolio Mix %; Credit Card Exposure by Balance,hard,"For each risk score segment (from lookup or member data), how does the migration of customers into higher balance brackets for credit cards compare to similar migrations in the loan portfolio, and what does this indicate about short-term behavioral risk trends?"
31,Finance Manager; CRO; Product Manager,Portfolio Mix %; Credit Card Exposure by Balance,hard,"Can we detect an increase in concentration risk by analyzing the co-occurrence of high credit card exposure and multiple open product types on the same account, and how has this trend shifted relative to macroeconomic stress periods?"
31,Finance Manager; CRO; Product Manager,Portfolio Mix %; Credit Card Exposure by Balance,hard,"Among accounts with a recent spike in credit card balance (top decile by growth rate), what share had previous portfolio mix dominated by secured lending products, and does this migration signal increased systemic risk?"
31,Finance Manager; CRO; Product Manager,Portfolio Mix %; Credit Card Exposure by Balance,hard,How effective are our early-warning triggers (based on member commentary or tracking events) at predicting downstream surges in credit card exposure by balance and resultant adverse changes in overall portfolio mix composition?
32,Member Analytics Lead; Compliance Officer,Dormant Account Rate; Inactivity Ratio,hard,"What are the top three member segments (by age, income, or region) showing the highest month-over-month increase in dormant accounts, and how do their transaction patterns on loans, cards, and shares compare prior to dormancy?"
32,Member Analytics Lead; Compliance Officer,Dormant Account Rate; Inactivity Ratio,hard,"Which products (loan, card, share) have the highest concentration of first-time inactivity flags in the last quarter, and what proportion of these are linked to members who interacted with COMMENT, NOTE, or TRACKING tables indicating potential disengagement?"
32,Member Analytics Lead; Compliance Officer,Dormant Account Rate; Inactivity Ratio,hard,"Can we identify clusters of accounts exhibiting consecutive periods of decreasing transaction frequency before becoming dormant, and do these clusters correlate with any specific member demographics or product holdings?"
32,Member Analytics Lead; Compliance Officer,Dormant Account Rate; Inactivity Ratio,hard,"Over the past 12 months, which branches or channels have the highest relative growth in inactivity ratio, and is this associated with changes in service patterns, complaint/comment trends, or product launches?"
32,Member Analytics Lead; Compliance Officer,Dormant Account Rate; Inactivity Ratio,hard,"Is there a significant lag between the last tracked customer interaction (from TRACKING, NOTE, or COMMENT tables) and account dormancy across different segments, suggesting early warning opportunities for proactive engagement?"
32,Member Analytics Lead; Compliance Officer,Dormant Account Rate; Inactivity Ratio,hard,"Among members holding multiple product types (e.g., loan plus card plus share), which combination demonstrates the most resilience against dormancy, and what behavioral indicators (e.g., share-to-loan ratio) predict account longevity?"
32,Member Analytics Lead; Compliance Officer,Dormant Account Rate; Inactivity Ratio,hard,"How does the distribution of dormant accounts by product type and tenure compare to the overall portfolio, and are there product-specific cohorts where inactivity is accelerating more rapidly year-on-year?"
32,Member Analytics Lead; Compliance Officer,Dormant Account Rate; Inactivity Ratio,hard,"Can we quantify the risk of dormant account spikes following specific negative events (e.g., declines, disputes, complaints logged in COMMENT or NOTE tables), and which member or product segments are most sensitive to such triggers?"
32,Member Analytics Lead; Compliance Officer,Dormant Account Rate; Inactivity Ratio,hard,"What are the patterns of reactivation rates for previously dormant accounts by segment and channel, and are there leading indicators in activity history or engagement notes (e.g., LOOKUP, TRACKING) that predict sustained reactivation?"
32,Member Analytics Lead; Compliance Officer,Dormant Account Rate; Inactivity Ratio,hard,"Do accounts that become dormant show significant pre-dormancy declines in ancillary activity (e.g., card usage versus share deposits), and can we segment these by customer profitability tier to assess concentration risk in high-value groups?"
33,Member Analytics Lead; Executive Leadership,Average Account Tenure; Member Lifetime Value (proxy),hard,"Which member cohorts, segmented by account origination year and first product type (e.g., loan, card, share), show the highest early attrition rates within the first 24 months, and what downstream impact does this have on projected member lifetime value?"
33,Member Analytics Lead; Executive Leadership,Average Account Tenure; Member Lifetime Value (proxy),hard,"How do changes in transactional behaviors (declining deposit trends, reduction in card activity, dormant loan repayments) over the last three quarters act as leading indicators for members with low average account tenure?"
33,Member Analytics Lead; Executive Leadership,Average Account Tenure; Member Lifetime Value (proxy),hard,"What proportion of total member lifetime value is concentrated within the top 5% of accounts, and how has this concentration risk shifted over the past two years across different product portfolios?"
33,Member Analytics Lead; Executive Leadership,Average Account Tenure; Member Lifetime Value (proxy),hard,Identify member segments exhibiting recurring late payments or delinquency flags in the loan table within their first 12 months; how do these behaviors correlate with accelerated account closures or reduced cumulative LTV?
33,Member Analytics Lead; Executive Leadership,Average Account Tenure; Member Lifetime Value (proxy),hard,"For members with multiple products (card, loan, share), track the effect of product cross-sell timing on account tenure longevity and map time-based trends in account closure post-product acquisition."
33,Member Analytics Lead; Executive Leadership,Average Account Tenure; Member Lifetime Value (proxy),hard,"Analyze trends in account closure reasons from the PUBLIC.NOTE table over the past 18 months and determine which customer segments (by product mix and account age) most frequently cite dissatisfaction or product switching, impacting tenure and LTV."
33,Member Analytics Lead; Executive Leadership,Average Account Tenure; Member Lifetime Value (proxy),hard,"Of accounts with significant inbound comments or customer complaints in the first 90 days, how does the propensity for early closure or reduced product cross-sell compare to baseline, and which complaint topics pose the highest behavioral risk?"
33,Member Analytics Lead; Executive Leadership,Average Account Tenure; Member Lifetime Value (proxy),hard,Assess concentration of account tenure risk by segmenting by member socioeconomic profile from PUBLIC.LOOKUP and evaluating if certain profiles are statistically overrepresented in the lowest tenure or LTV deciles.
33,Member Analytics Lead; Executive Leadership,Average Account Tenure; Member Lifetime Value (proxy),hard,"For accounts with decreasing engagement in tracking activities (PUBLIC.TRACKING) over three consecutive quarters, what is the subsequent probability of closure within the next six months, and how is this linked to reduced future LTV?"
33,Member Analytics Lead; Executive Leadership,Average Account Tenure; Member Lifetime Value (proxy),hard,"Map the relationship between product lifecycle events (e.g., loan maturity, card expiration) and subsequent member attrition or product switching; identify if spikes in these downstream events concentrate tenure or LTV risk in specific months or segments."
34,Member Analytics Lead; Product Manager,Active Account Tenure; Retention Duration,hard,What percentage of active accounts that were opened in the last 24 months have experienced a significant decline in monthly transaction volume (from TRACKING) within six months prior to closure compared to accounts with stable tenure?
34,Member Analytics Lead; Product Manager,Active Account Tenure; Retention Duration,hard,Can we identify cohorts of accounts (by original product type in ACCOUNT) where 80% or more closures in the past 18 months were preceded by a spike in account-related complaints (from COMMENT) or loan delinquencies (from LOAN) in the 90 days prior to closure?
34,Member Analytics Lead; Product Manager,Active Account Tenure; Retention Duration,hard,"Which member segments (from MEMBER demographics) show the shortest average retention duration, and how does this correlate with early behavioral risk indicators such as missed payments (LOAN, CARD) or inactivity spikes (TRACKING) in the first year of tenure?"
34,Member Analytics Lead; Product Manager,Active Account Tenure; Retention Duration,hard,"For accounts experiencing early closure (less than 12 months tenure), what is the concentration risk across product portfolios (ACCOUNT, LOAN, CARD), and are certain products disproportionately contributing to early churn?"
34,Member Analytics Lead; Product Manager,Active Account Tenure; Retention Duration,hard,"What is the trend of retention duration over time for accounts with multiple account types (e.g., joint LOAN and CARD products), and do those with cross-product utilization demonstrate higher resilience to retention shocks?"
34,Member Analytics Lead; Product Manager,Active Account Tenure; Retention Duration,hard,"Among accounts with high-value transactions (from TRACKING or SHARE), what are the early-warning signals (e.g., decreased login frequency, increased negative NOTES) that precede a reduction in active tenure by 25% or more relative to the average?"
34,Member Analytics Lead; Product Manager,Active Account Tenure; Retention Duration,hard,"Are there clusters of accounts (segmented by branch or acquisition channel in ACCOUNT) where retention duration is declining more rapidly year-over-year, and can these be linked to specific product issues or member demographic curves (from MEMBER)?"
34,Member Analytics Lead; Product Manager,Active Account Tenure; Retention Duration,hard,"How do account tenure and retention duration for members experiencing product declines (e.g., loan rejections in LOAN or card closures in CARD) compare against those with continuous positive account activity, segmented by initial account opening year?"
34,Member Analytics Lead; Product Manager,Active Account Tenure; Retention Duration,hard,"What percentage of accounts closed within the first 24 months had little to no engagement (few or no entries in TRACKING, SHARE, NOTE) in the first 90 days, and does this pattern cluster by acquisition channel or demographic data (from MEMBER)?"
34,Member Analytics Lead; Product Manager,Active Account Tenure; Retention Duration,hard,"Within each risk segment (creditworthiness bands in LOAN and CARD), how does time to attrition change in response to negative events (e.g., bounced payments, adverse comments, share withdrawals in SHARE), and are there statistically significant inflection points that could inform early intervention?"
35,Product Manager; Risk Manager,Monthly Closure Rate; Product Attrition Rate,hard,"What is the 6-month rolling average attrition rate for each product segment (LOAN, CARD, SHARE), and which segments show a statistically significant upward trend?"
35,Product Manager; Risk Manager,Monthly Closure Rate; Product Attrition Rate,hard,"For accounts closed in the last 12 months, what percentage exhibited early-warning behavioral risk signals (e.g., declined transactions, reduced average balances) in the preceding 90 days?"
35,Product Manager; Risk Manager,Monthly Closure Rate; Product Attrition Rate,hard,"What proportion of loan closures are concentrated among the top 5% of members by outstanding loan balance, and how does this compare to the prior year?"
35,Product Manager; Risk Manager,Monthly Closure Rate; Product Attrition Rate,hard,"Analyze the closure rate for accounts with multiple products (e.g., LOAN + CARD) versus single-product accounts, segmented by member tenure and region over the past 24 months."
35,Product Manager; Risk Manager,Monthly Closure Rate; Product Attrition Rate,hard,Identify the top 10 product types by attrition risk where over 30% of closures are preceded by adverse comments or notes within the last quarter.
35,Product Manager; Risk Manager,Monthly Closure Rate; Product Attrition Rate,hard,What are the month-over-month changes in closure rates for card accounts with late payments recorded in PUBLIC.TRACKING versus those without late payments?
35,Product Manager; Risk Manager,Monthly Closure Rate; Product Attrition Rate,hard,"Which risk concentration thresholds (e.g., >20% attrition within a single demographic segment) are breached in the most recent quarter, and what are the key drivers from COMMENT or NOTE data?"
35,Product Manager; Risk Manager,Monthly Closure Rate; Product Attrition Rate,hard,"What are the leading behavioral indicators (e.g., drop in transaction volume across ACCOUNT and TRACKING tables) that precede closure for high-value members, and how have these indicators trended over the past year?"
35,Product Manager; Risk Manager,Monthly Closure Rate; Product Attrition Rate,hard,"How does the monthly closure rate for new products launched in the last 18 months compare across regions and member age groups, and where are the highest uplifts in attrition risk?"
35,Product Manager; Risk Manager,Monthly Closure Rate; Product Attrition Rate,hard,"For products with the highest 3-month attrition spikes, what is the pattern of pre-closure SHARE or LOAN repayments and are there commonalities in MEMBER or ACCOUNT characteristics?"
36,Member Analytics Lead; CRO,Long-Tenure Account %; Dormant vs Active Ratio,hard,"What proportion of long-tenure accounts (>5 years) have exhibited a transition from active to dormant status in the past 12 months, segmented by product type (LOAN, CARD, SHARE)?"
36,Member Analytics Lead; CRO,Long-Tenure Account %; Dormant vs Active Ratio,hard,"Identify clusters of branches or regions with concentrated dormant account build-up among accounts aged over 3 years, and assess links to last customer interaction recorded in COMMENT, TRACKING, or NOTE tables."
36,Member Analytics Lead; CRO,Long-Tenure Account %; Dormant vs Active Ratio,hard,"Perform a month-over-month trend analysis over the last 2 years to detect early warning signals: increases in the rate of accounts moving from active to dormant status by tenure band (1-3 years, 3-5 years, >5 years)."
36,Member Analytics Lead; CRO,Long-Tenure Account %; Dormant vs Active Ratio,hard,Analyze the behavioral patterns of long-tenure dormant accounts that previously held loans or cards: what percentage had recent repayments but subsequently became dormant?
36,Member Analytics Lead; CRO,Long-Tenure Account %; Dormant vs Active Ratio,hard,"Compare the product-level (LOAN, CARD, SHARE) activity rates across long-tenure accounts with high withdrawal or transfer activity in the past year versus those that entered dormancy, highlighting possible risk triggers."
36,Member Analytics Lead; CRO,Long-Tenure Account %; Dormant vs Active Ratio,hard,"Which member demographic segments (from MEMBER table) show the highest risk of high-value account dormancy (>90th percentile balance), and what is the linked product holding history?"
36,Member Analytics Lead; CRO,Long-Tenure Account %; Dormant vs Active Ratio,hard,"What percentage of long-tenure dormant accounts have recently (within 6 months) received marketing or retention outreach (from NOTE or TRACKING), and of these, how many reactivated?"
36,Member Analytics Lead; CRO,Long-Tenure Account %; Dormant vs Active Ratio,hard,"Assess the concentration risk: What proportion of current dormant accounts are associated with top 10% largest deposit balances, and how has this ratio changed annually over the last 3 years?"
36,Member Analytics Lead; CRO,Long-Tenure Account %; Dormant vs Active Ratio,hard,"For long-tenure accounts with multi-product relationships (e.g., holding both LOAN and CARD), is there an increased or decreased likelihood of dormancy compared to single-product holders over rolling 12-month periods?"
36,Member Analytics Lead; CRO,Long-Tenure Account %; Dormant vs Active Ratio,hard,"What early behavioral signals (e.g., decreases in SHARE or CARD transactions, reduced interaction notes, or dropped automated payments) are most predictive of future dormancy for accounts aged more than 3 years?"
37,Executive Leadership; CRO,Product Mix %; Portfolio Allocation,hard,"How has the percentage composition of high-risk product types (e.g., unsecured loans, revolving credit cards) within the overall portfolio mix shifted across customer segments and geographies over the past 12 months, and what are the emerging concentration risks?"
37,Executive Leadership; CRO,Product Mix %; Portfolio Allocation,hard,"What are the year-over-year changes in product allocation by account vintage, and do early-stage portfolios show deviation from expected risk profiles, indicating behavioral or structural shifts?"
37,Executive Leadership; CRO,Product Mix %; Portfolio Allocation,hard,"Can we identify repeat early-delinquency patterns by product (e.g., specific loan or card subtypes) through sequential cohort analysis, and what does this signal for future risk-mix exposure?"
37,Executive Leadership; CRO,Product Mix %; Portfolio Allocation,hard,"Assessing accounts with multiple active products, is there an increasing trend in cross-product exposure that correlates with higher NPL or default rates compared to single-product accounts, adjusted for demographic and geographic segmentation?"
37,Executive Leadership; CRO,Product Mix %; Portfolio Allocation,hard,"Which product types within the current portfolio exhibit the highest volatility in utilization rates month-over-month, and how does this impact the stability of the overall product mix risk profile?"
37,Executive Leadership; CRO,Product Mix %; Portfolio Allocation,hard,"Across the portfolio, are there clusters of accounts with unusually rapid product switching or closure activity, and what early-warning signals does this provide regarding future product mix concentration?"
37,Executive Leadership; CRO,Product Mix %; Portfolio Allocation,hard,"What is the tail-risk exposure by analyzing the bottom decile (lowest performing) products in terms of profitability over the last 8 quarters, and how concentrated are these exposures among specific customer or member cohorts?"
37,Executive Leadership; CRO,Product Mix %; Portfolio Allocation,hard,"How has regulatory or policy change (e.g., new lending caps, capital requirements) impacted the relative growth trajectories and risk-weighted allocation of each major product line during the last 18 months?"
37,Executive Leadership; CRO,Product Mix %; Portfolio Allocation,hard,"Segmenting by behavioral indicators from NOTE and COMMENT tables, which customer profiles are trending toward at-risk categories for product churn or default, and how does this alter the forecasted product mix and portfolio risk?"
37,Executive Leadership; CRO,Product Mix %; Portfolio Allocation,hard,"What are the top emergent concentration risks in the loan and card product sub-portfolios based on a multi-dimensional analysis (time, region, customer segment), and how do these compare against internal limits or regulatory thresholds?"
38,CEO; COO; Board; CRO,"Composite Health Score (Capital, Asset Quality, Earnings, Liquidity, Growth)",hard,"How have the top 5% of large exposure loans (by balance) affected the composite health score over the past 12 months, and what early-warning indicators in member behavior or account comments signal potential asset quality deterioration?"
38,CEO; COO; Board; CRO,"Composite Health Score (Capital, Asset Quality, Earnings, Liquidity, Growth)",hard,Segment loan portfolios by industry and tenure; analyze which segments show the greatest concentration risk in terms of non-performing assets and how has this trended quarterly for the last 2 years?
38,CEO; COO; Board; CRO,"Composite Health Score (Capital, Asset Quality, Earnings, Liquidity, Growth)",hard,"What is the relationship between deposit growth rates and loan growth rates per product type, and does any misalignment suggest emerging liquidity stress or capital adequacy risk at a segment level?"
38,CEO; COO; Board; CRO,"Composite Health Score (Capital, Asset Quality, Earnings, Liquidity, Growth)",hard,"Identify accounts with negative earnings trends for three consecutive quarters: what proportion are also showing worsening asset quality metrics, and what is the cumulative impact on the CU's composite health score?"
38,CEO; COO; Board; CRO,"Composite Health Score (Capital, Asset Quality, Earnings, Liquidity, Growth)",hard,"For the top decile of member accounts by loan size, is there a correlation between frequent negative account notes and subsequent delinquency or charge-off events over the previous 18 months?"
38,CEO; COO; Board; CRO,"Composite Health Score (Capital, Asset Quality, Earnings, Liquidity, Growth)",hard,"Among new loans originated in the past year, which product categories show the highest early default rates, and what behavioral risk factors from tracking or notes data precede these events?"
38,CEO; COO; Board; CRO,"Composite Health Score (Capital, Asset Quality, Earnings, Liquidity, Growth)",hard,Compare growth in share accounts versus growth in loan accounts across member cohorts segmented by geographic region; does concentration in certain regions present liquidity pressure or capital risk trends?
38,CEO; COO; Board; CRO,"Composite Health Score (Capital, Asset Quality, Earnings, Liquidity, Growth)",hard,"In the last four quarters, have there been any clusters of accounts sharing similar negative tracking events prior to major drawdowns or liquidations, and how have these clusters affected overall asset quality?"
38,CEO; COO; Board; CRO,"Composite Health Score (Capital, Asset Quality, Earnings, Liquidity, Growth)",hard,Analyze the ratio of high-limit card exposures to total capital across different member segments; does any group represent a material concentration risk when overlaid with recent delinquency or negative comment trends?
38,CEO; COO; Board; CRO,"Composite Health Score (Capital, Asset Quality, Earnings, Liquidity, Growth)",hard,Trace the accounts with the fastest recent deposit attrition; cross-reference with account-level notes and tracking activity to detect early-warning signals related to outflows impacting liquidity metrics.
39,Risk Manager; Finance Manager,High-Balance Exposure; Concentration Risk,hard,"Over the past 12 months, how has the distribution of high-balance accounts (top 5% by deposit amount) shifted across different industry sectors and customer segments, and where is the largest increase in exposure concentration observed?"
39,Risk Manager; Finance Manager,High-Balance Exposure; Concentration Risk,hard,"What proportion of the total high-balance credit exposure is concentrated within the top 20 corporate groups, and how does this concentration compare to regulatory thresholds on both an aggregate and product (loan, card, share) level?"
39,Risk Manager; Finance Manager,High-Balance Exposure; Concentration Risk,hard,"Can we identify any early-warning trends of increased delinquency or overdraft activity among customers holding high-balance accounts, segmented by region and product type over the last 6 quarters?"
39,Risk Manager; Finance Manager,High-Balance Exposure; Concentration Risk,hard,"Which five customer segments (based on geography, industry, or account type) have shown the greatest increase in high-balance exposure risk over the last year, and what is the rate of change quarter-over-quarter?"
39,Risk Manager; Finance Manager,High-Balance Exposure; Concentration Risk,hard,"Analyze the correlation between high-balance account growth and the corresponding usage of overdraft/credit facilities among clients, segmented by business size and spanning at least 3 consecutive years."
39,Risk Manager; Finance Manager,High-Balance Exposure; Concentration Risk,hard,"Identify clusters of accounts with high-balance exposures that share linked ownership or indirect relationships (via MEMBER or NOTE tables), and assess the aggregate exposure risk associated with these clusters over time."
39,Risk Manager; Finance Manager,High-Balance Exposure; Concentration Risk,hard,"What proportion of high-balance exposure is linked to products with below-average behavioral risk scores (based on transaction patterns in TRACKING and NOTE), and how has this shifted in the past 6 months?"
39,Risk Manager; Finance Manager,High-Balance Exposure; Concentration Risk,hard,"Are there specific products (e.g., certain loan or card types) where high-balance accounts have consistently exhibited higher-than-average early loan payment delinquencies or increased internal commentary (from COMMENT table) indicating potential risk?"
39,Risk Manager; Finance Manager,High-Balance Exposure; Concentration Risk,hard,"For all high-balance exposures, what is the distribution of average account tenure, and are we seeing increased concentrations among newer accounts or among customers exhibiting unusual activity (joined with SHARE or TRACKING), indicating potential behavioral risk?"
39,Risk Manager; Finance Manager,High-Balance Exposure; Concentration Risk,hard,"Over the last 24 months, how has the geographic concentration of high-balance exposures changed, and have there been emerging hotspots where exposure surpasses internal risk appetite limits, potentially driving systemic concentration risk?"
40,Fraud Analyst; Risk Manager,Transfer Limit Exposure; Operational Risk Indicator,hard,"How has the top 5% of accounts by monthly transfer limit utilization evolved over the past four quarters, and do any behavioral or demographic segments show higher concentration risk?"
40,Fraud Analyst; Risk Manager,Transfer Limit Exposure; Operational Risk Indicator,hard,Identify accounts with consecutive daily transfer volumes breaching 80% of their individual transfer limits for more than three days within a month; what percentage of these accounts trigger operational alerts in the same period?
40,Fraud Analyst; Risk Manager,Transfer Limit Exposure; Operational Risk Indicator,hard,"Which products (CARD, LOAN, SHARE) have seen a shift in exposure to high transfer limit usage, and how do these correlate with increases in manual override requests tracked in NOTE or COMMENT tables over the last six months?"
40,Fraud Analyst; Risk Manager,Transfer Limit Exposure; Operational Risk Indicator,hard,Segment accounts by branch region and analyze quarter-over-quarter growth of transfer limit exposure exceeding predefined thresholds; is there evidence of emerging geographic risk concentrations?
40,Fraud Analyst; Risk Manager,Transfer Limit Exposure; Operational Risk Indicator,hard,Analyze behavioral shifts—comparing first-time transfer limit increases versus repeat increases within a rolling 12-month window—what proportion of accounts later exhibit suspicious activity or require risk intervention?
40,Fraud Analyst; Risk Manager,Transfer Limit Exposure; Operational Risk Indicator,hard,"For accounts with linked LOAN and CARD products, cross-reference which accounts exceeded combined product transfer limits during periods of system outage or operational exceptions, as logged in NOTE or COMMENT tables."
40,Fraud Analyst; Risk Manager,Transfer Limit Exposure; Operational Risk Indicator,hard,Examine the interaction between member tenure (from MEMBER table) and frequency of near-limit transfers; are newer members disproportionately represented among operational risk incidents tied to transfer exposures?
40,Fraud Analyst; Risk Manager,Transfer Limit Exposure; Operational Risk Indicator,hard,Track accounts with sudden spikes (over 100% month-on-month) in daily transfer frequency; how many such accounts also have history of transactional exceptions or manual review flags in TRACKING?
40,Fraud Analyst; Risk Manager,Transfer Limit Exposure; Operational Risk Indicator,hard,"Over the past two years, identify clusters of related accounts (linked by common MEMBER or lookup data) with synchronously elevated transfer activity; do any clusters correspond with known operational risk events?"
40,Fraud Analyst; Risk Manager,Transfer Limit Exposure; Operational Risk Indicator,hard,"How often do product-level transfer limit increases (in SHARE, LOAN, CARD) precede operational risk incidents documented in COMMENT or NOTE within a 30-day window, and what are the root causes identified?"
41,Fraud Analyst; Card Product Manager,ATM Utilization Rate; Limit Utilization Anomaly,hard,Which customer segments (by demographic or product type) show a sudden spike in ATM withdrawal frequency within the last 90 days but have previously stable ATM utilization patterns?
41,Fraud Analyst; Card Product Manager,ATM Utilization Rate; Limit Utilization Anomaly,hard,"Can we identify card products or portfolios where over 20% of accounts have utilized more than 80% of their ATM withdrawal limits in three consecutive months, and what is the overlap with recent limit increases?"
41,Fraud Analyst; Card Product Manager,ATM Utilization Rate; Limit Utilization Anomaly,hard,What proportion of accounts exhibit clustered high ATM usage (three or more large withdrawals in under 24 hours) and how does this behavior correlate with historical cash flow volatility on the same accounts?
41,Fraud Analyst; Card Product Manager,ATM Utilization Rate; Limit Utilization Anomaly,hard,"Which geographical ATMs have seen a month-on-month increase of over 40% in utilization rates, and are these increases concentrated among a handful of cards or spread across multiple card products?"
41,Fraud Analyst; Card Product Manager,ATM Utilization Rate; Limit Utilization Anomaly,hard,"For accounts with both card and loan products, are there discernible trends where high ATM activity precedes loan limit utilization anomalies within a rolling 60-day window?"
41,Fraud Analyst; Card Product Manager,ATM Utilization Rate; Limit Utilization Anomaly,hard,Are there any new card products launched in the last 12 months where over 10% of users reach 95% of their ATM withdrawal limit within the first week of issuance?
41,Fraud Analyst; Card Product Manager,ATM Utilization Rate; Limit Utilization Anomaly,hard,"What is the distribution of limit utilization anomalies among customers flagged for behavioral risk in PUBLIC.TRACKING, and does this align with their ATM withdrawal patterns over the past 6 months?"
41,Fraud Analyst; Card Product Manager,ATM Utilization Rate; Limit Utilization Anomaly,hard,"Which accounts classified as low risk show a sudden change in ATM utilization—specifically, an increase above their historical 75th percentile in the previous quarter?"
41,Fraud Analyst; Card Product Manager,ATM Utilization Rate; Limit Utilization Anomaly,hard,"Can we trace patterns where groups of accounts with shared attributes (e.g., employer, branch, geography from PUBLIC.MEMBER) collectively show synchronized spikes in both ATM usage and limit utilization anomalies?"
41,Fraud Analyst; Card Product Manager,ATM Utilization Rate; Limit Utilization Anomaly,hard,"Do accounts with frequent limit utilization anomalies also demonstrate higher-than-average unique ATM locations within the same 30-day period, indicating possible coordinated or mule activity?"
