persona,kpi,difficulty,synthetic_questions,tursio_response
Risk & Credit Analytics Manager; CRO; Compliance Officer,90+ DPD Rate; Delinquency Ratio; Non-Performing Loan %,hard,"What is the trend of 90+ DPD accounts segmented by loan type over the last 24 months, and how does it correlate with macroeconomic indicators such as unemployment and interest rates?","Key Insights

Over the last 24 months, the 90+ DPD counts show monthly fluctuations across loan types with certain loan types (e.g., 101 and 102) exhibiting larger swings in both counts and loan volumes.
While the dataset provides monthly average interest rates alongside DPD counts, there is no clear, direct correlation between the interest rate changes and the frequency of 90+ DPD accounts. The macroeconomic indicator of unemployment is not present in the data, so its correlation cannot be assessed."
Risk & Credit Analytics Manager; CRO; Compliance Officer,90+ DPD Rate; Delinquency Ratio; Non-Performing Loan %,hard,"For accounts that became delinquent in the last year, what share had less than 3 previous months of payment history versus those with more, and how does this impact future default likelihood?","High-Impact Findings

In the last year, 100% of the delinquent accounts (10 accounts) had less than 3 months of payment history, with an average delinquency of 1 day.
There are no records for accounts with 3 or more months of payment history, so the analysis is effectively limited to the group with minimal payment history."
Risk & Credit Analytics Manager; CRO; Compliance Officer,90+ DPD Rate; Delinquency Ratio; Non-Performing Loan %,hard,Analyze the concentration risk by identifying the top 10% of borrowers contributing to 50% of the total non-performing loans; what segments or characteristics do they share?,"Key Insights:

The top 10% of borrowers driving 50% of the non-performing loans (NPL) each hold a single loan with balances tightly clustered in the range of approximately $44,844 to $49,898.
There is a diverse mix of loan types among these top contributors, with recurring categories including Auto Loan, Personal Loan, Home Loan, and Credit Card. No single loan type overwhelmingly dominates the group."
Risk & Credit Analytics Manager; CRO; Compliance Officer,90+ DPD Rate; Delinquency Ratio; Non-Performing Loan %,hard,"What behavioral traits or transaction patterns can predict early warning signals for accounts that transition from 30 DPD to 90 DPD, based on historical data?","Below are some data‐driven observations that could be used to flag accounts at risk of moving from 30‐day delinquency (DPD) to a 90‐DPD status:

Delinquency Escalation:
Accounts tend to show a measurable increase in the aggregated delinquency amount from the 31–60‑day band to the 61–90‑day band. In other words, an account with even moderate temporary issues (for example, a sum in the low single digits) on 31–60‑day delinquency that then shows a jump in the 61–90‑day category may be an early warning signal.
"
Risk & Credit Analytics Manager; CRO; Compliance Officer,90+ DPD Rate; Delinquency Ratio; Non-Performing Loan %,hard,"How does the delinquency ratio differ across different branch locations, and are there significant concentrations in urban versus rural regions?","Key Findings:

Wide Range of Delinquency Ratios: Across all branches, the delinquency ratio varies from a low of 8.21 to a high of 15.25, indicating a considerable spread in late payment days relative to the number of loans managed.

High Ratios Predominate in Some Rural Branches: The highest observed delinquency ratio of 15.25 occurs in branch 20 (Rural), with other high values (e.g., 14.38 in branch 26) also found among rural branches.

Urban Branches Exhibit Moderately Lower Ratios: Urban branches generally show delinquency ratios between 9.67 and 14, with branch 55 at 14.00 and branch 66 at 9.67 highlighting the range.

No Overwhelming Urban–Rural Divide: Both urban and rural regions display a broad range of ratios. While certain rural branches have the highest ratios, many rural branches also report ratios in the lower spectrum comparable to urban branches, indicating a dispersed pattern rather than a uniform concentration in one region type.
"
Risk & Credit Analytics Manager; CRO; Compliance Officer,90+ DPD Rate; Delinquency Ratio; Non-Performing Loan %,hard,Identify product-level risks by assessing the average time to delinquency for each loan type and the corresponding 90+ DPD rate; which products require targeted risk mitigation strategies?,"Key Insights

All five loan product types (102, 101, 201, 301, and 401) display a 0% 90+ Days Past Due (DPD) rate, indicating no observable incidence of severe delinquency in this sample.
There are differences in the average time to delinquency across loan types, ranging from 516.51 to 586.85 days."
Risk & Credit Analytics Manager; CRO; Compliance Officer,90+ DPD Rate; Delinquency Ratio; Non-Performing Loan %,hard,"What percentage of accounts with a low credit score (below 600) are actively engaging in additional borrowing, and what is the trend in their delinquency rates versus higher-scored borrowers?","High-Impact Findings:

98.6% of low credit score accounts (below 600) are actively engaging in additional borrowing.
The low credit segment shows average delinquency levels (days past due) across different buckets (e.g., 11–30 days averaging approximately 4.5 to 6.0 days), with a modest month-to-month variation."
Risk & Credit Analytics Manager; CRO; Compliance Officer,90+ DPD Rate; Delinquency Ratio; Non-Performing Loan %,hard,"How do the recent credit utilization ratios of non-performing loan accounts compare to those that have remained performing, particularly in the last six months?","Great question but unfortunately no data points were found to generate an answer for you. Consider adjusting your query to change one or more parameters, such as time or other filters."
Risk & Credit Analytics Manager; CRO; Compliance Officer,90+ DPD Rate; Delinquency Ratio; Non-Performing Loan %,hard,Evaluate the effect of promotional loan offers on the delinquency rates of those specific products; what is the post-promotion delinquency trend for those who took advantage?,"Great question but unfortunately no data points were found to generate an answer for you. Consider adjusting your query to change one or more parameters, such as time or other filters."
Risk & Credit Analytics Manager; CRO; Compliance Officer,90+ DPD Rate; Delinquency Ratio; Non-Performing Loan %,hard,"What is the percentage of accounts moving from a high utilization rate to delinquency, and how does this varied by age of the account and total loan amount?","Key Insight:
The query results indicate that 0% of accounts with a high utilization rate (≥ 80%) have moved to delinquency across all account age and origination balance groups."
Member Analytics Lead; Compliance Officer,Dormant Account Rate; Inactivity Ratio,hard,"What is the trend in the number of dormant accounts over the past 24 months segmented by account age, and what percentage of these accounts have zero transactions during this period?","Key Insights

Over the past 24 months, every reported dormant account across all account ages has registered zero transactions, evidenced by a consistent 100% rate for zero-transaction accounts.
The dataset spans a broad range of account ages—from negative values (indicating activity dates preceding the open dates) up to 59 months—yet in each period and age grouping, even when dormant account counts vary from 1 to 3, they all uniformly show no transactions."
Member Analytics Lead; Compliance Officer,Dormant Account Rate; Inactivity Ratio,hard,"Which account types show a higher concentration of accounts that have been dormant for more than 2 years, and what is their respective average balance compared to active accounts?","Key Insights

Account Type 2 stands out with a higher concentration of dormant accounts: 115 dormant accounts versus 79 active, with dormant accounts having an average balance of 11,510.1 compared to active accounts averaging 12,817.7.
Account Types 1, 3, 4, and 5 display a more balanced or slightly lower count of dormant accounts compared to active ones. Notably, for Account Type 1, the dormant count (98) is nearly equal to the active count (101) but the dormant average balance (12,251.2) is slightly higher than the active average (11,809).
For Account Type 3, the dormant accounts (94) and active accounts (99) have comparable average balances, with dormant slightly higher (12,734.8 vs. 12,528.9).
Account Type 4 shows similar average balances for both statuses (dormant at 12,267.1 and active at 12,277.5), while Account Type 5 shows a marginal difference with active accounts (106 accounts averaging 12,787.4) holding a higher balance compared to dormant accounts (97 accounts averaging 12,448.1)."
Member Analytics Lead; Compliance Officer,Dormant Account Rate; Inactivity Ratio,hard,"How many dormant accounts have initiated any interaction (such as comments, shares, or loans) in the last 6 months, and what does this indicate about potential reactivation strategies?","Key Insights:

Zero Re-engagement: The query result indicates that 0 dormant accounts have initiated interactions via comments over the last 6 months.

Implication for Reactivation Strategies: This lack of activity suggests that existing dormant accounts are not reengaging on their own, implying that reactivation strategies may need to include proactive outreach or alternative engagement methods to trigger interest.
"
Member Analytics Lead; Compliance Officer,Dormant Account Rate; Inactivity Ratio,hard,"What percentage of dormant accounts have additional products (e.g., loans, cards) that are also inactive, and how does this vary by product category?","High-Impact Findings:

73.31% of dormant accounts have an inactive loan product."
Member Analytics Lead; Compliance Officer,Dormant Account Rate; Inactivity Ratio,hard,"What is the average time to reactivation for accounts that were previously classified as dormant, and what behaviors were observed prior to their reactivation?","Average Time to Reactivation: Reactivated dormant accounts took on average 930.37 days from the open date to their activity date.
Investigation Attempt Behavior: Prior to reactivation, the average recorded value for the investigation attempt time was 1,030.05.
Reactivation Activity: Among the 19 reactivated accounts, reactivation occurred between December 19, 2024 and December 31, 2024.
These insights are derived directly from the applied filters and aggregate functions in the query without extrapolating additional behavior beyond the observed metrics."
Member Analytics Lead; Compliance Officer,Dormant Account Rate; Inactivity Ratio,hard,How do monthly transaction volumes of active accounts correlate with the subsequent rates of dormancy for accounts opened within the same time frame?,"Key Insights:

Every month in the dataset shows a dormancy rate of 100% for accounts opened, with dormant accounts equaling the total accounts opened.
The average monthly payments made per account vary moderately (ranging from 35.00 to 73.00), yet this variation does not correspond to any change in the dormancy rate."
Member Analytics Lead; Compliance Officer,Dormant Account Rate; Inactivity Ratio,hard,"Which demographic segments (age, location, account type) display the highest rates of account dormancy, and what actionable insights can be drawn to address this risk?","Key Insights:

The dataset reveals that a very high percentage of accounts in several demographic segments are dormant, with many segments showing a dormancy rate of 100%.
Dormancy is evident across all age groups (from 20 through 70 years), locations (e.g., various cities in TX, CA, NY, and others), and account types. Some segments with larger sample sizes still show 100% dormancy, suggesting this is not limited to small or outlier groups."
Member Analytics Lead; Compliance Officer,Dormant Account Rate; Inactivity Ratio,hard,"What changes in customer behavior (such as lack of engagement in comments or tracking) precede the dormancy classification, and how can this inform predictive modeling efforts?","Key Insights:

Uniform Tracking Behavior: The preview shows that on nearly every reported date, each user registers exactly one tracking event with a user code count of zero. This uniformity suggests that there is no observable increase or decrease in tracking activity or engagement (as measured by these tracking metrics) immediately preceding dormancy.

Implications for Predictive Modeling: Since the data only reflects a single standardized tracking event per day—with no additional user engagement signals captured—it appears that subtle engagement shifts, such as a drop in comment activity or diverse tracking codes, might be undetectable in this dataset. For predictive modeling, this uniform pattern implies that dormancy may not be preceded by gradual changes in this type of tracking behavior but rather might be better identified by the outright cessation of the solitary tracking event or by incorporating additional data sources (for example, comment or interaction logs) to uncover more nuanced pre-dormancy signals."
Member Analytics Lead; Compliance Officer,Dormant Account Rate; Inactivity Ratio,hard,"What is the ratio of dormant accounts to total accounts for each product line, and how does this indicate potential product-level risk?","Key Insights

Each product line shows a very high ratio of dormant to total accounts, with dormant ratios ranging from approximately 97.4% to 98.5%, indicating that nearly all accounts in these product lines have been inactive for over a year."
Member Analytics Lead; Compliance Officer,Dormant Account Rate; Inactivity Ratio,hard,"How does the inactivity ratio for accounts with high transaction limits compare to those with low limits, and what does this imply for risk management strategies?","Key Insights:

100% Inactivity for High-Limit Accounts: In the provided sample, every account (1,000 out of 1,000) in the high transaction limit group is marked as inactive, yielding an inactivity ratio of 1 (or 100%)."
Member Analytics Lead; Executive Leadership,Average Account Tenure; Member Lifetime Value (proxy),hard,Identify accounts with high transaction frequency but low average balance; what percentage of these accounts have seen a decrease in tenure over the past year?,"Key Insights:

Among 43 accounts identified with high transaction frequency and low average balance, 0% have shown a decrease in tenure over the past year."
Member Analytics Lead; Executive Leadership,Average Account Tenure; Member Lifetime Value (proxy),hard,"Analyze the retention rates of members by product line; what products have the highest churn, and what early-warning signs are evident in member engagement metrics?","Key Insights

The available dataset provides a single consolidated result with all engagement metrics registered as zero, making it impossible to differentiate retention rates, churn levels, or early-warning signs across product lines."
Member Analytics Lead; Executive Leadership,Average Account Tenure; Member Lifetime Value (proxy),hard,"Segregate members by tenure intervals (0-1 year, 1-3 years, 3-5 years, 5+ years) and assess the average lifetime value within each segment to identify high-risk groups.","Below are the key insights based on the available sample and query details:

Limited Data Available:
The provided query aggregates the average member user amount by license but does not include tenure information. The sample shows only one record (license is empty) with an average amount of 0.

Insufficient Segmentation Information:
The task requires segregation by tenure intervals (0–1 year, 1–3 years, 3–5 years, 5+ years) and the assessment of average lifetime value per segment. However, the current query neither references a tenure variable nor performs any segmentation based on membership duration, making it impossible to identify high-risk groups based on tenure intervals using the provided dataset.

To proceed with the intended analysis, additional data or a modified query that includes tenure-related fields and mapping to the specified intervals would be needed."
Member Analytics Lead; Executive Leadership,Average Account Tenure; Member Lifetime Value (proxy),hard,Evaluate the concentration risk by analyzing the average tenure of accounts in the top 10% of total balances; what early signals are present indicating potential drop-offs?,"High-Impact Findings:

The top 10% of accounts, defined by balance, have an average tenure of 1,274.88 days (approximately 3.5 years).
There's a wide range in account tenure with a minimum of 361 days and a maximum of 2,157 days, indicating variability in account maturity.
Only 1 account in the top 10% was opened within the past year, with no accounts opened in the last 6 or 3 months, suggesting a concentration of older accounts and a potential early signal for drop-offs among newly opened high-value accounts."
Member Analytics Lead; Executive Leadership,Average Account Tenure; Member Lifetime Value (proxy),hard,"What percentage of accounts that have recently accessed credit services also show declining engagement with savings products, and what does this signal for overall account health?","Key Insight:
No recent credit accounts were identified, so there is no applicable percentage for declining engagement with savings products."
Member Analytics Lead; Executive Leadership,Average Account Tenure; Member Lifetime Value (proxy),hard,Determine the correlation between member note frequency and tenure; how many accounts with less than 5 notes have closed within 2 years?,"Key Insight:
No accounts were found that both have fewer than 5 notes and closed within 2 years of their open date."
Member Analytics Lead; Executive Leadership,Average Account Tenure; Member Lifetime Value (proxy),hard,"For members with cross-product usage, analyze which combinations exhibit the highest average account tenure and what trends may indicate future risk of attrition.","Key Insights:

The cross-product combination [1, 4, 5, 2, 3] exhibits the highest average account tenure at 1,275.86 days among members with multiple products.
This combination is represented by a single member, with tenure values ranging from 354 days (minimum) to 2,172 days (maximum)."
Member Analytics Lead; Executive Leadership,Average Account Tenure; Member Lifetime Value (proxy),hard,"How does the average account tenure of members engaging with digital services compare with those utilizing only traditional services, particularly over the last 24 months?","The preview shows that the dataset separates members into two groups—Digital (490 members) and Traditional (763 members)—but it does not include any numerical values for the average account tenure in years. This means that while we know the counts for each group over the last 24 months, we cannot directly compare the average tenure for members engaging with digital services versus those using only traditional services based on the provided data."
Member Analytics Lead; Executive Leadership,Average Account Tenure; Member Lifetime Value (proxy),hard,"What are the trends in member feedback score changes relative to tenure length, specifically noting any significant negative shifts prior to account closures?","Key Insights

No Significant Negative Feedback Shifts: All records show a feedback score of 0 before account closure. Among the 1,000 members analyzed, not a single negative feedback instance was recorded, resulting in a 0% negative feedback rate.

Uniform Feedback Scores: The minimum, average, and maximum feedback scores are consistently 0, indicating no observable variation in feedback scores relative to account closures."
Member Analytics Lead; Product Manager,Active Account Tenure; Retention Duration,hard,What percentage of accounts that utilized a loan product in the last 12 months show a decrease in transaction frequency over the past 6 months?,"Key Insight:
None (0%) of the accounts that utilized a loan product in the last 12 months showed a decrease in transaction frequency over the past 6 months."
Member Analytics Lead; Product Manager,Active Account Tenure; Retention Duration,hard,Identify the top 10% of accounts by tenure and analyze their monthly activity across different product lines to determine early warning signs of potential dormancy.,"Key Findings

The top 10% of accounts by tenure consistently show one monthly activity record across product lines, with each record registering a single activity instance and identical minimum, maximum, and average payment values per month.
There is no observable variation across months or account types in terms of activity count or payment amounts that would indicate early warning signs of potential dormancy."
Member Analytics Lead; Product Manager,Active Account Tenure; Retention Duration,hard,"How does the average tenure of accounts with a recent account closure compare to active accounts, segmented by product type?","Key Insights

The dataset sample only includes data for active accounts; there are no records for accounts labeled ""Recently Closed.""
For active accounts segmented by product type, the average account tenure ranges from 1,251.1 days to 1,305.6 days, with account counts varying between 193 and 211 per product type."
Member Analytics Lead; Product Manager,Active Account Tenure; Retention Duration,hard,What percentage of accounts with high credit utilization (above 70%) exhibit a decline in deposit activity over the last quarter?,"Key Insight:
The sample dataset does not include explicit fields or computed metrics that directly capture ""credit utilization above 70%"" or ""decline in deposit activity over the last quarter."" As a result, based on this preview alone, it is not possible to determine the percentage of accounts meeting these specific criteria.
"
Member Analytics Lead; Product Manager,Active Account Tenure; Retention Duration,hard,"Analyze the trend of account activity for members who have not engaged with any products in the last 3 months, segmented by tenure and product usage.","High-Impact Findings

Nearly every record is associated with a single product (product_count = 1), indicating a homogeneous product usage pattern.
Across tenure groups ranging roughly from 12 to 71 months, the inactive member count is typically low (1–3). However, a few clusters stand out with markedly higher counts—most notably, tenure values around 71 months in early 2020 (e.g., an inactive_member_count of 37) and similar spikes in other months (e.g., 30 or 34 inactive members in tenures of 70 or 67 months)."
Member Analytics Lead; Product Manager,Active Account Tenure; Retention Duration,hard,Which segments of long-tenured accounts (5 years+) show an increased risk of closure based on recent activity patterns across loans and cards?,"Accounts with type 4 exhibit the highest average delinquency indicator (0.529) combined with prolonged inactivity (749 days since last account activity), while type 2 accounts show a comparably high delinquency (0.515) with even longer average inactivity (771 days). These patterns indicate that among long-tenured accounts, these segments have the most pronounced signs of risk given recent activity patterns."
Member Analytics Lead; Product Manager,Active Account Tenure; Retention Duration,hard,"Evaluate the correlation between inactivity in shared accounts and overall account tenure, and identify segments most at risk.","High-Impact Findings

Distinct Inactivity Levels: Accounts in the ""Inactive > 1yr"" segments display roughly double the inactivity period compared to the ""Inactive 6-12mo"" segments (average days since last transaction of ~720–756 days vs ~357–360 days).
Account Tenure Variations within Inactivity Segments: Although both inactivity groups are evident across all tenure segments, a notable concentration exists in the ""Inactive > 1yr"" category among accounts with tenures of 2–3 years (356 accounts) and 3–5 years (594 accounts), indicating that a significant number of mid-tenure accounts have experienced extended inactivity."
Member Analytics Lead; Product Manager,Active Account Tenure; Retention Duration,hard,"What is the average retention duration for accounts that have interacted with customer service versus those that have not, broken down by product category?","The key insight is that average account retention duration differs based on customer service interaction status across product categories. For example, in product category 1, accounts with interaction show an average retention of 1,337.69 days compared to 1,203.6 days for those without, while in product category 2, the averages are 1,288.94 days (interaction) and 1,254.15 days (no interaction).

Product Category 1:

With interaction: 119 accounts at 1,337.69 days
Without interaction: 80 accounts at 1,203.6 days
Product Category 2:

With interaction: 127 accounts at 1,288.94 days
Without interaction: 67 accounts at 1,254.15 days
Product Category 3:

With interaction: 127 accounts at 1,262.48 days
Without interaction: 66 accounts at 1,232.88 days
Product Category 4:

With interaction: 145 accounts at 1,312.17 days
Without interaction: 66 accounts at 1,291.14 days
Product Category 5:

With interaction: 133 accounts at 1,241.4 days
Without interaction: 70 accounts at 1,269.54 days
Across most product types, accounts that have interacted with customer service tend to show slightly longer retention durations compared to those that have not. The exception is product category 5, where accounts without interaction have an average retention that is about 28 days higher than those with interactions. These insights are based on a direct comparison of the computed average durations across the two segments.
"
Member Analytics Lead; Product Manager,Active Account Tenure; Retention Duration,hard,Develop a risk profile for accounts that have multiple product holdings but display erratic behavior in transaction patterns over the last 6 months.,"Great question but unfortunately no data points were found to generate an answer for you. Consider adjusting your query to change one or more parameters, such as time or other filters."